Accession Number,Temp ID,Display Title,Display Artist,Creation Date,Media & Support,Credit Line,Current Location,Specific Location,Department,Council District
1975.002,,The Dancer,Marcello Mascherini,1950,Bronze on Concrete Base,Given to the City of Houston by Mr. & Mrs. Robert D. Straus,"615 Louisiana St. Houston, TX 77002 ",Jesse J. Jones Hall - Outside,CEF,I
2004.008,,George Bush Presidential Monument,Charles Fagan,2004,Bronze,Greater Houston Community Foundation,"400 Texas Ave. Houston, TX 77002",,CEF,I
2008.001,,Syncronicity of Color,Margo Sawyer,2008,Anodized Aluminum,,"1500 McKinney St. Houston, TX 77010",Parking Garage,CEF,I
2009.006,,Axis Mundi,Benito Huerta,1996,"Acrylic, dye and ink on canvas","Gift of The Museum of Fine Arts, Houston with funds provided by Lila Wallace-Reader's Digest fund.  Additional support has been provided by the Charles E. Culpeper Foundation, the Edward and Betty Marcus Foundation, and the National Endowment for the Arts, a federal agency.","333 S. Jensen Dr. Houston, TX  77003",Theatre,CEF,H
2010.001,,Power of Houston,,2004,Quilt,"A gift to the City of Houston from Quilts, Inc.","1001 Avenida de Las Americas Houston, TX 77010",George R. Brown Convention Center - 2nd floor Visitors Center,CEF,I
2010.002,,Christoph Eschenbach Plaque,Peter Boyle,1999,Brass,Purchased by the City of Houston,"615 Louisiana St. Houston, TX 77002 ",Jesse J. Jones Hall,CEF,I
,1966.002,Gemini II,Richard Lippold,1965-1966,Anodized Aluminum and 22k gold-plated stainless steel cables,Commissioned by the Houston Endowment,"615 Louisiana St. Houston, TX 77002 ",Jesse J. Jones Hall - Lobby,CEF,I
,1969.001,Pair of Horses,Robert Fowler,1963,Cor-Ten Steel,Donated by Cleburn Interests,"615 Louisiana St. Houston, TX 77002 ",Jesse J. Jones Hall - Outside Under Staircase,CEF,I
,1970.001,Sweeney Clock,E. Howard & Co.,1877,"Iron, Wood, Clockwork",Donated to the City of Houston by the Sweeny Family,700 Bagby St. Houston TX 77002,Sweeny Clock Triangle,CEF,I
,1977.004,Lily Pads,John E. Alexander,1977,Oil on Canvas,Donated to the City of Houston by Mrs. Susan McAshan,"615 Louisiana St. Houston, TX 77002 ",Jesse J. Jones Hall - Mezzanine,CEF,I
,1981.007,The Quilting Party,John Biggers,1980,Acrylic on commercially gessoed canvas,Donated to the City of Houston by Mrs. Susan McAshan,"500 Texas Ave. Houston, TX 77002",Wortham Theater Center,CEF,I
,1987.003,Untitled,Albert Paley,1987,Paint on Steel,,"500 Texas Ave. Houston, TX 77002",Wortham Theater Center,CEF,I
,1988.009,Edna Saunders,Charles Fox,Mid 20th Century,Oil on Canvas,Donated by the the Saunders Family and the Society for the Performing Arts,"615 Louisiana St. Houston, TX 77002 ",Jesse J. Jones Hall - Green Room,CEF,I
,1997.002,John T. Jones,Lawrence M. Ludtke,1997,Bronze,,"615 Louisiana St. Houston, TX 77002 ",Jesse J. Jones Hall - Lobby,CEF,I
,1997.003,Jesse H. Jones,Lawrence M. Ludtke,1997,Bronze,,"615 Louisiana St. Houston, TX 77002 ",Jesse J. Jones Hall - Outside,CEF,I
,1998.001,Big Bubble,Dean Ruck,1998,"Air pump, Electronics",,"400 Texas Ave. Houston, TX 77002",Sesquicentennial Park ,CEF,I
,1998.002,Site Seeing,Dean Ruck,1998,Photoetchings on Panels,,"400 Texas Ave. Houston, TX 77002",Sesquicentennial Park ,CEF,I
,1998.003,Sounds of the Past,Dean Ruck,1998,"Electronics, Sound",,"400 Texas Ave. Houston, TX 77002",Sesquicentennial Park ,CEF,I
,2009.011,Secretary of State Baker,Charles Fagan,,Bronze,,"400 Texas Ave. Houston, TX 77002",Sesquicentennial Park ,CEF,I
,1993.001-a-g,Seven Wonders,Mel Chin,1996,Stainless Steel on Brick Base,"Commissioned by the Central Houston Civic Improvement Association, Inc. for the City of Houston","400 Texas Ave. Houston, TX 77002",Sesquicentennial Park ,CEF,I
,2005.004-a-e,Heritage Lanterns,Carter Ernst and Paul Kittelson,2005,Stainless Steel,,"1400 Clay St. Houston, TX 77002",Root Memorial Square Park,CEF,I
,2008.002.01,In Minds,Anthony Cragg,2001-2002,Bronze on Stainless steel armature,,"800 Bagby St. Houston, TX 77002",Hobby Center for the Performing Art,CEF,I
,2008.002.02,Wall Drawing 2002,Sol LeWitt,2002,,,"800 Bagby St. Houston, TX 77002",Hobby Center for the Performing Art,CEF,I
,2010.003.01,Autumn,Kate Balsley,2008,DVD,,"1001 Avenida de Las Americas Houston, TX 77010",George R. Brown Convention Center ,CEF,I
,2010.003.02,Falling,Nell Breyer,2004-2007,DVD,,"1001 Avenida de Las Americas Houston, TX 77010",George R. Brown Convention Center ,CEF,I
,2010.003.03,Video Starring Four Light Bulbs,William A. Brown,2009,DVD,,"1001 Avenida de Las Americas Houston, TX 77010",George R. Brown Convention Center ,CEF,I
,2010.003.04,Tornadic Paint,Victor Ingrassia,2008,DVD,,"1001 Avenida de Las Americas Houston, TX 77010",George R. Brown Convention Center ,CEF,I
,2010.003.05,Fossil,Be Johnny,2009,DVD,,"1001 Avenida de Las Americas Houston, TX 77010",George R. Brown Convention Center ,CEF,I
,2010.003.06,snow falling in front of a red brick building façade,Noah Klersfeld,2005-2008,DVD,,"1001 Avenida de Las Americas Houston, TX 77010",George R. Brown Convention Center ,CEF,I
,2010.003.07,Crossing,Arthur Liou,,DVD,,"1001 Avenida de Las Americas Houston, TX 77010",George R. Brown Convention Center ,CEF,I
,2010.003.08,Maelstrom,Arthur Liou,2009,DVD,,"1001 Avenida de Las Americas Houston, TX 77010",George R. Brown Convention Center ,CEF,I
,2010.003.09,Erodium II,David Montgomery,2008,DVD,,"1001 Avenida de Las Americas Houston, TX 77010",George R. Brown Convention Center ,CEF,I
,2010.003.10,Empty Shells I,David Montgomery,2009,DVD,,"1001 Avenida de Las Americas Houston, TX 77010",George R. Brown Convention Center ,CEF,I
,2010.003.11,Sidewalking,Mark Nelson,2009,DVD,,"1001 Avenida de Las Americas Houston, TX 77010",George R. Brown Convention Center ,CEF,I
,2010.003.12,Cargo,Relja Penezic,2006,DVD,,"1001 Avenida de Las Americas Houston, TX 77010",George R. Brown Convention Center ,CEF,I
,2010.003.13,One Hour in Phoenix,Alex Schlegel,2009,DVD,,"1001 Avenida de Las Americas Houston, TX 77010",George R. Brown Convention Center ,CEF,I
,2010.003.14,Lost/In Memoriam,Anita Thacher,2007,DVD,,"1001 Avenida de Las Americas Houston, TX 77010",George R. Brown Convention Center ,CEF,I
,2010.003.15,Homage to Magritte,Anita Thacher,1975,DVD,,"1001 Avenida de Las Americas Houston, TX 77010",George R. Brown Convention Center ,CEF,I
,2010.003.16,Loose Corner,Anita Thacher,1986,DVD,,"1001 Avenida de Las Americas Houston, TX 77010",George R. Brown Convention Center ,CEF,I
,2010.003.17,Phases (without sound),Marcus Young,2000,DVD,,"1001 Avenida de Las Americas Houston, TX 77010",George R. Brown Convention Center ,CEF,I
2013.012,,Senior Olympics Cauldron,Alan Lett,2011,Painted steel,"Haynes Whaley Associates, Inc; Fretz Construction Company; Ward & Ames Special Events","12131 Kirby Dr, Houston, TX 77045",Houston Amateur Sports Park,GSD,D
2014.031,,"Pecan Tree, Hermann Park",Beth Secor,2014,acrylic on canvas,,"901 Bagby St. Houston, TX 77002",City Hall,GSD,I
2014.032,,Circuit #2,Curtis Gannon,2012,Collage,,"901 Bagby St. Houston, TX 77002",City Hall,GSD,I
,0.21,Oscar Holcombe,Charles Umlauf,c. 1957-1960,Bronze,,"2999 South Wayside Dr. Houston, TX 77023",Gragg Building,GSD,I
,1921.001,Sam Houston,Stephen Seymour Thomas,,Oil on Canvas,,"901 Bagby St. Houston, TX 77002",City Hall - Council Chambers,GSD,I
,1939.001,City Hall Interior Bas-Reliefs,Herring Coe,1939,Aluminum,,"901 Bagby St. Houston, TX 77002",City Hall - Throughout building on doors,GSD,I
,1939.002,City Hall Exterior Bas-Reliefs,Herring Coe,1939,Coquina Limestone,,"901 Bagby St. Houston, TX 77002",City Hall - Exterior,GSD,I
,1940.001,Untitled - Friedlander,Leo Friedlander,c. 1940,Aluminum,,"901 Bagby St. Houston, TX 77002",City Hall - Council Chambers,GSD,I
,1940.002,City Hall Lobby Ceiling Mural and Decorations,Daniel MacMorris,1939,"Paint, plaster, nickel, silver, and bronze",,"901 Bagby St. Houston, TX 77002",City Hall - 1st floor - Rotunda,GSD,I
,1943.001,George Hermann,Enrico Filberto Cerracchio,1943,Painted plaster,"IN MEMORY OF GEORGE HERMANN, PHILANTHROPIST, PRESENTED BY THE SCHOOL CHILDREN OF HOUSTON AND THE LIONS CLUB OF HOUSTON.
","2999 South Wayside Dr. Houston, TX 77023",Gragg Building,GSD,I
,1998.007,Sam Houston,David Adickes,1998,Bronze,,"901 Bagby St. Houston, TX 77002",City Hall - 1st floor - Visitor Center,GSD,I
2006.003,,Light Spikes,Jay Baker,1990,,,"2800 North Terminal Road Houston, TX 77032","IAH, Bush Intercontinental Airport  : Will Clayton Parkway : Near Air Traffic Co",HAS,B
2009.005,,Croton IV,Jospeh Anthony McDonnell,1983,Bronze,"Donated to the City of Houston by 1800 West Loop Houston, LTD., A Florida Limited Partnership","2800 North Terminal Road Houston, TX 77032","IAH, Bush Intercontinental Airport  : Administration Building : Outdoor Coutyard",HAS,B
2012.002,,The Sentinels,Elizabeth DeLyria,2012,"Stoneware, glazes, and stains",,"2800 North Terminal Road Houston, TX 77032","IAH, Bush Intercontinental Airport",HAS,B
2012.006,,Raphide,Rebekah Frank,2007,"Steel, copper",,"2800 North Terminal Road Houston, TX 77032","IAH, Bush Intercontinental Airport",HAS,B
2012.011,,Royale,Jim Keller,2012,Mesquite,,"2800 North Terminal Road Houston, TX 77032","IAH, Bush Intercontinental Airport",HAS,B
2012.013,,Two Tone Boat,Lebeth Lammers,2010,"Clay, slab contruction, copper/maganese slip glaze, ash, colored slips",,"2800 North Terminal Road Houston, TX 77032","IAH, Bush Intercontinental Airport",HAS,B
2012.015,,Viral Load,Edward Lane McCartney,2011,"Aluminum, nickel plated steel, 24k gold on copper, stainless steel",,"2800 North Terminal Road Houston, TX 77032","IAH, Bush Intercontinental Airport",HAS,B
2012.016,,Black Labyrinth,Michael McDougal,2011,Glass,,"2800 North Terminal Road Houston, TX 77032","IAH, Bush Intercontinental Airport",HAS,B
2012.021,,Empty Vessel,Lisa Wilson,2008,"forged and fabricated copper, patina",,"2800 North Terminal Road Houston, TX 77032","IAH, Bush Intercontinental Airport",HAS,B
2012.023,,Lamp,The Art Guys,2009,"Burned matches on paper mounted on aluminum panel
",,"7800 Airport Boulevard, Houston, TX 77061",William P. Hobby Airport,HAS,B
2012.024,,"Painting Pretty, Agents de Change
",Karin Broker,2006,Mixed Media,,"7800 Airport Boulevard, Houston, TX 77061",William P. Hobby Airport,HAS,B
2012.027,,Bayou,Dixie Friend Gay,2008,Acrylic on Canvas,,"7800 Airport Boulevard, Houston, TX 77061",William P. Hobby Airport,HAS,B
2012.03,,Map Birds,Helen Altman,2012,"Wire, steel, maps, Birch and Manzanita wood
",,"2800 North Terminal Road Houston, TX 77032","IAH, Bush Intercontinental Airport",HAS,B
2012.031,,"Map of Incomplete Listing of Uninhabited Islands of the World
",Katrina Moorhead,2009,"archival digital print and watercolor on watercolor paper
 on watercolor paper",,"7800 Airport Boulevard, Houston, TX 77061",William P. Hobby Airport,HAS,B
2012.033,,"Crow Aura
",Damon Thomas,2012,Ceramic,,"7800 Airport Boulevard, Houston, TX 77061",William P. Hobby Airport,HAS,B
2012.035,,"The Healthy Skeptic 
",Howard Sherman,2008,Acrylic and marker on Canvas,,"2800 North Terminal Road Houston, TX 77032","IAH, Bush Intercontinental Airport",HAS,B
2012.036,,Danika,Omar Angel Perez,2012,"Rosewood, snakeskin, band-saw blades",,"2800 North Terminal Road Houston, TX 77032","IAH, Bush Intercontinental Airport",HAS,B
2012.037,,Hawk,Bill Steffy,2011,cast silver,,"2800 North Terminal Road Houston, TX 77032","IAH, Bush Intercontinental Airport",HAS,B
2012.04,,untitled,Lisa Ludwig,2009,"cast bronze, unique",,"2800 North Terminal Road Houston, TX 77032","IAH, Bush Intercontinental Airport",HAS,B
2012.041,,Fiesta Dancers Model,Luis Jimenez,1985,"polychrome fiberglass with urethane finish
",,"2800 North Terminal Road Houston, TX 77032","IAH, Bush Intercontinental Airport",HAS,B
2013.003,,Weight of Submission,Casey Arguelles Gregory,2012,Oil on Canvas,,"2800 North Terminal Road Houston, TX 77032","IAH, Bush Intercontinental Airport",HAS,B
2013.004,,An Aesthetic Cure for Hysteria,Casey Arguelles Gregory,2009,Oil on Canvas,,"2800 North Terminal Road Houston, TX 77032","IAH, Bush Intercontinental Airport",HAS,B
2013.005,,Pontchartrain Bracket (series),Devon Christopher Moore,2013,Acid etched acrylic lacquer on Steel,,"2800 North Terminal Road Houston, TX 77032","IAH, Bush Intercontinental Airport",HAS,B
2013.007,,"Uncategorized Form No. 5
",Kia Neill,2011,"Acid-free artist tape, graphite, acrylic, ink,
 on polypropylene paper",,"2800 North Terminal Road Houston, TX 77032","IAH, Bush Intercontinental Airport",HAS,B
2013.008,,Uncategorized Form 2,Kia Neill,2011,"Acid-free artist tape, graphite, acrylic, ink on polypropylene paper",,"2800 North Terminal Road Houston, TX 77032","IAH, Bush Intercontinental Airport",HAS,B
2013.009,,Emerging Form No. 2,Kia Neill,2013,"Graphite, acrylic, ink, gouache on polypropylene paper",,"2800 North Terminal Road Houston, TX 77032","IAH, Bush Intercontinental Airport",HAS,B
2013.01,,Uncategorized Form No. 6,Kia Neill,2011,"Graphite, acrylic, ink, gouache on polypropylene paper",,"2800 North Terminal Road Houston, TX 77032","IAH, Bush Intercontinental Airport",HAS,B
2013.011,,Oba,Robert Pruitt,2011,conte charcoal on hand dyed paper,,"2800 North Terminal Road Houston, TX 77032","IAH, Bush Intercontinental Airport",HAS,B
2014.001,,Being Caressed By A Cactus...,Richard Armendariz,2006,Oil on Carved plywood,,"2800 North Terminal Road Houston, TX 77032","IAH, Bush Intercontinental Airport",HAS,B
2014.002,,Pica Hat,Jimmy James Canales,2012,"4,000 pins in a straw hat Size 7 1/8",,"2800 North Terminal Road Houston, TX 77032","IAH, Bush Intercontinental Airport",HAS,B
2014.003,,Flowers on a Casket,K.C. Collins,2013,"Oil, acrylic, and spray-paint on Canvas",,"2800 North Terminal Road Houston, TX 77032","IAH, Bush Intercontinental Airport",HAS,B
2014.004,,Flowers (On Pause),K.C. Collins,2013,"Oil, acrylic, and spray-paint on Canvas",,"2800 North Terminal Road Houston, TX 77032","IAH, Bush Intercontinental Airport",HAS,B
2014.007,,North Forest,Sharon Kopriva,2013,Oil and mixed media on Canvas,,"16930 JFK Boulevard Houston, TX 77032",HAS Admin Building,HAS,B
2014.011,,Open,David Medina,2013,Screenprint using graphite on Paper,,"2800 North Terminal Road Houston, TX 77032","IAH, Bush Intercontinental Airport",HAS,B
2014.013,,...and the trees held in higher views,Troy Stanley,2013,Cardboard and wood glue,,"2800 North Terminal Road Houston, TX 77032","IAH, Bush Intercontinental Airport",HAS,B
2014.014,,Alcove,Charles Wiese,2011,digital media on German etching paper (Hahnemühle),,"2800 North Terminal Road Houston, TX 77032","IAH, Bush Intercontinental Airport",HAS,B
2014.016,,Crescent Blue,Ben Woitena,1988,"Painted steel, abrasive blasted aluminum and black granite",,"2800 North Terminal Road Houston, TX 77032","IAH, Bush Intercontinental Airport",HAS,B
2014.017,,"8-6-88, Dallas, TX",Ann Stautberg,1998,Oil on silver gelitan print,,"16930 JFK Boulevard Houston, TX 77032",HAS Admin Building,HAS,B
2014.018,,White Rabbit,Mira Hnatyshyn,2013,Oil and acrylic on Canvas,,"2800 North Terminal Road Houston, TX 77032","IAH, Bush Intercontinental Airport",HAS,B
2014.023,,Heritage (Robert Fleming Travis),Cindee Travis Klement,2014,Bronze,,"2800 North Terminal Road Houston, TX 77032","IAH, Bush Intercontinental Airport",HAS,B
2014.024,,Charlie's Dream,Al Souza,1988,Oil on Canvas,,"2800 North Terminal Road Houston, TX 77032","IAH, Bush Intercontinental Airport",HAS,B
2014.025,,Hocus Pocus,Shayne Murphy,2013,Oil on Panel,,"16930 JFK Boulevard Houston, TX 77032",HAS Admin Building,HAS,B
2014.028,,Understood,Steve Murphy,2011,Stainless Steel,,"2800 North Terminal Road Houston, TX 77032","IAH, Bush Intercontinental Airport",HAS,B
2014.029,,Guardian Urn: Warrior,Thomas Perry,2012,"Stoneware, wheel thrown with slab elements, sprigging and carving, patina glaze",,"2800 North Terminal Road Houston, TX 77032","IAH, Bush Intercontinental Airport",HAS,B
2014.03,,"Moon, Round Top (3FJ6475)",Libbie J. Masterson,2009,Chromogenic print,,"2800 North Terminal Road Houston, TX 77032","IAH, Bush Intercontinental Airport",HAS,B
2012.001.01,,Crop Wing,Kurt Dyrhaug,2009,Cast iron and enamel,,"2800 North Terminal Road Houston, TX 77032","IAH, Bush Intercontinental Airport",HAS,B
2012.001.02,,Tonka Jet,Kurt Dyrhaug,2010,Cast iron and enamel,,"2800 North Terminal Road Houston, TX 77032","IAH, Bush Intercontinental Airport",HAS,B
2012.003.01,,Arachni CT3,Kelley Eggert,2011,"Glazed stoneware, luster, steel, polymer clay, hair, flocking",,"2800 North Terminal Road Houston, TX 77032","IAH, Bush Intercontinental Airport",HAS,B
2012.003.02,,The Opportunist,Kelley Eggert,2009,"Stoneware, underglaze, luster, silicone rubber, quills, dyed monofilament",,"2800 North Terminal Road Houston, TX 77032","IAH, Bush Intercontinental Airport",HAS,B
2012.004.01,,Japanese Pillow,Piero Fenci,2006,Low fire ceramic,,"2800 North Terminal Road Houston, TX 77032","IAH, Bush Intercontinental Airport",HAS,B
2012.004.02,,Battlement,Piero Fenci,2010,Low fire ceramic,,"2800 North Terminal Road Houston, TX 77032","IAH, Bush Intercontinental Airport",HAS,B
2012.005.01,,Block F712-2,Jeff Forster,2010,"Houston native clay, high fire reduction",,"2800 North Terminal Road Houston, TX 77032","IAH, Bush Intercontinental Airport",HAS,B
2012.005.02,,Device,Jeff Forster,2010,"Stoneware, multiple firings",,"2800 North Terminal Road Houston, TX 77032","IAH, Bush Intercontinental Airport",HAS,B
2012.005.03,,Object PS-E,Jeff Forster,2011,"Stoneware, experimental high fire",,"2800 North Terminal Road Houston, TX 77032","IAH, Bush Intercontinental Airport",HAS,B
2012.007.01,,Bottle Cap Ring,Heidi Gerstacker,2010,"Sterling silver, found bottle cap",,"2800 North Terminal Road Houston, TX 77032","IAH, Bush Intercontinental Airport",HAS,B
2012.007.02,,Chrome Diopside Ring,Heidi Gerstacker,2010,"Sterling silver, chrome diopside",,"2800 North Terminal Road Houston, TX 77032","IAH, Bush Intercontinental Airport",HAS,B
2012.007.03,,Aloe Vera Pin,Heidi Gerstacker,2009,Oxidized sterling silver,,"2800 North Terminal Road Houston, TX 77032","IAH, Bush Intercontinental Airport",HAS,B
2012.007.04,,Sun Flower Brooch,Heidi Gerstacker,2010,"Sterling silver, druzy",,"2800 North Terminal Road Houston, TX 77032","IAH, Bush Intercontinental Airport",HAS,B
2012.007.05,,Roofing Nail Ring,Heidi Gerstacker,2010,"Sterling silver, found nails",,"2800 North Terminal Road Houston, TX 77032","IAH, Bush Intercontinental Airport",HAS,B
2012.008.01,,Beyond Tradition,Herman Guetersloh,2008,"Round reed, acid and fiber reactive dyes",,"2800 North Terminal Road Houston, TX 77032","IAH, Bush Intercontinental Airport",HAS,B
2012.008.02,,Cuvee,Herman Guetersloh,2011,"Round reed, acid and fiber reactive dyes",,"2800 North Terminal Road Houston, TX 77032","IAH, Bush Intercontinental Airport",HAS,B
2012.008.03,,Horizon,Herman Guetersloh,2010,"Round reed, acid and fiber reactive dyes",,"2800 North Terminal Road Houston, TX 77032","IAH, Bush Intercontinental Airport",HAS,B
2012.009.01,,Chain Basket,Terry Hagiwara,2012,Raku ceramics,,"2800 North Terminal Road Houston, TX 77032","IAH, Bush Intercontinental Airport",HAS,B
2012.009.02,,Chain,Terry Hagiwara,2011,Raku ceramics,,"2800 North Terminal Road Houston, TX 77032","IAH, Bush Intercontinental Airport",HAS,B
2012.009.03,,Basket Weave,Terry Hagiwara,2011,Raku ceramics,,"2800 North Terminal Road Houston, TX 77032","IAH, Bush Intercontinental Airport",HAS,B
2012.010.01,,Nail Brush - Vanity Set For The Muse,Jan Arthur Harrell,2009,"Enamel on copper, pearls, sterling silver, gold plating, rusted nails",,"2800 North Terminal Road Houston, TX 77032","IAH, Bush Intercontinental Airport",HAS,B
2012.010.02,,Nail Buff - Vanity Set For The Muse,Jan Arthur Harrell,2010,"Enamel on copper, gold plating, gold foil, glass lumps, tie down cleat",,"2800 North Terminal Road Houston, TX 77032","IAH, Bush Intercontinental Airport",HAS,B
2012.012.01,,Horned Turnip,Jason Kishell,2010,"Porcelain, wax, wood (Lignum Vitae)",,"2800 North Terminal Road Houston, TX 77032","IAH, Bush Intercontinental Airport",HAS,B
2012.012.02,,Stilted Lemon Growth,Jason Kishell,2010,"Porcelain, wood (Indian rosewood), polymer clay, wire",,"2800 North Terminal Road Houston, TX 77032","IAH, Bush Intercontinental Airport",HAS,B
2012.014.01,,Pink Kayak,Jason Makepeace,2011,Ash log and paint,,"2800 North Terminal Road Houston, TX 77032","IAH, Bush Intercontinental Airport",HAS,B
2012.014.02,,Hinged Kayak,Jason Makepeace,2010,Ash log and paint,,"2800 North Terminal Road Houston, TX 77032","IAH, Bush Intercontinental Airport",HAS,B
2012.014.03,,Half Paddle 2,Jason Makepeace,2011,Oak log and paint,,"2800 North Terminal Road Houston, TX 77032","IAH, Bush Intercontinental Airport",HAS,B
2012.017.01,,Fettered,Richard Moiel and Katherine Poeppel,2005,Cast glass,,"2800 North Terminal Road Houston, TX 77032","IAH, Bush Intercontinental Airport",HAS,B
2012.017.02,,Basket B05.16.09,Richard Moiel and Katherine Poeppel,2005,"Blown glass, incamo/cane rollup, acid etched",,"2800 North Terminal Road Houston, TX 77032","IAH, Bush Intercontinental Airport",HAS,B
2012.017.03,,Basket B05.12.05,Richard Moiel and Katherine Poeppel,2006,"Blown glass, incalmo/cane rollup, acid etched and carved",,"2800 North Terminal Road Houston, TX 77032","IAH, Bush Intercontinental Airport",HAS,B
2012.017.04,,Basket B06.12.06,Richard Moiel and Katherine Poeppel,2006,"Blown glass, incalmo/cane rollup, acid etched and carved",,"2800 North Terminal Road Houston, TX 77032","IAH, Bush Intercontinental Airport",HAS,B
2012.018.01,,Compass #5 'Chaos Theory',Mary Rogers,2010,"22k gold, fine silver, sterling, chyrsophrase",,"2800 North Terminal Road Houston, TX 77032","IAH, Bush Intercontinental Airport",HAS,B
2012.018.02,,Moral Compass For The Journey,Mary Rogers,2010,"22k gold, fine silver, sterling, shibuichi",,"2800 North Terminal Road Houston, TX 77032","IAH, Bush Intercontinental Airport",HAS,B
2012.018.03,,Compass #6 'Chaos Theory',Mary Rogers,2010,"22k, fine silver, drusy, antique type",,"2800 North Terminal Road Houston, TX 77032","IAH, Bush Intercontinental Airport",HAS,B
2012.019.01,,"Rickshaw - Part of the ""Home-Bodies"" Series",Harold Siefert,2011,Cast bronze,,"2800 North Terminal Road Houston, TX 77032","IAH, Bush Intercontinental Airport",HAS,B
2012.019.02,,"Hold That Pose - Part of the ""Home Bodies"" Series",Harold Siefert,2010,Cast Bronze,,"2800 North Terminal Road Houston, TX 77032","IAH, Bush Intercontinental Airport",HAS,B
2012.019.03,,"Dog Walker - Part of the ""Home Bodies"" Series",Harold Siefert,2010,Cast bronze,,"2800 North Terminal Road Houston, TX 77032","IAH, Bush Intercontinental Airport",HAS,B
2012.019.04,,"Hiker - Part of the ""Home-Bodies"" SEries",Harold Siefert,2010,Cast bronze,,"2800 North Terminal Road Houston, TX 77032","IAH, Bush Intercontinental Airport",HAS,B
2012.019.05,,Killer Shoe,Harold Siefert,2012,Cast bronze,,"2800 North Terminal Road Houston, TX 77032","IAH, Bush Intercontinental Airport",HAS,B
2012.020.01,,White is a Color 2,Debbie Wetmore,2010,"Sterling silver, various stones and materials",,"2800 North Terminal Road Houston, TX 77032","IAH, Bush Intercontinental Airport",HAS,B
2012.020.02,,Pick a Petal,Debbie Wetmore,2010,"Sterling silver, enamel on copper, various materials",,"2800 North Terminal Road Houston, TX 77032","IAH, Bush Intercontinental Airport",HAS,B
2012.020.03,,Measured Madness,Debbie Wetmore,2010,"14 k gold enclosure, 22k gold, sterling silver, and various stones",,"2800 North Terminal Road Houston, TX 77032","IAH, Bush Intercontinental Airport",HAS,B
2012.020.04,,Memories Are Ticking By,Debbie Wetmore,2010,"Enamel on copper, sterling silver, stones, wood",,"2800 North Terminal Road Houston, TX 77032","IAH, Bush Intercontinental Airport",HAS,B
2012.022.01,,Arm Circlet - Rays,Sandra Zilker,2003,"Sterling silver, papier mache, polymer clay, pigment",,"2800 North Terminal Road Houston, TX 77032","IAH, Bush Intercontinental Airport",HAS,B
2012.022.02,,Arm Circlet - Connections,Sandra Zilker,2010,"Sterling silver, resin",,"2800 North Terminal Road Houston, TX 77032","IAH, Bush Intercontinental Airport",HAS,B
2012.022.03,,Petal Points Box Pin - Rays,Sandra Zilker,2004,"Sterling silver, enamel on copper",,"2800 North Terminal Road Houston, TX 77032","IAH, Bush Intercontinental Airport",HAS,B
2012.022.04,,Woven Points - Multi-Color,Sandra Zilker,2008,"Sterling silver, polymer clay, mixed media",,"2800 North Terminal Road Houston, TX 77032","IAH, Bush Intercontinental Airport",HAS,B
2012.026.01,,"Harmonious Void
",Mary Helene Gagneux,2010,"kiln formed glass; cold worked
",,"7800 Airport Boulevard, Houston, TX 77061",William P. Hobby Airport,HAS,B
2012.026.02,,"Radiant Reflections
",Mary Helene Gagneux,2011,"kiln cast lead glass, lathe cut, cold worked
",,"7800 Airport Boulevard, Houston, TX 77061",William P. Hobby Airport,HAS,B
2012.028.01,,"Yellow Year
",Maki Hajikano,2006,Cast glass,,"7800 Airport Boulevard, Houston, TX 77061",William P. Hobby Airport,HAS,B
2012.028.02,,Nostalgic Landscape,Maki Hajikano,2006,Cast glass,,"7800 Airport Boulevard, Houston, TX 77061",William P. Hobby Airport,HAS,B
2012.029.01,,Mainline,Jonathan Leach,2011,"Acrylic and spray paint
 on Canvas",,"7800 Airport Boulevard, Houston, TX 77061",William P. Hobby Airport,HAS,B
2012.029.02,,B.C.,Jonathan Leach,2012,Acrylic on Plexiglass,,"7800 Airport Boulevard, Houston, TX 77061",William P. Hobby Airport,HAS,B
2012.029.03,,S.P.,Jonathan Leach,2012,Acrylic on Plexiglass,,"7800 Airport Boulevard, Houston, TX 77061",William P. Hobby Airport,HAS,B
2012.032.01,,Illuminated Icon #5,Jay Shinn,2012,"Neon, enamel, mirror Plexiglas and frosted Plexiglas",,"7800 Airport Boulevard, Houston, TX 77061",William P. Hobby Airport,HAS,B
2012.032.02,,Illuminated Icon #6,Jay Shinn,2012,"Neon, enamel, mirror Plexiglas and frosted Plexiglas",,"7800 Airport Boulevard, Houston, TX 77061",William P. Hobby Airport,HAS,B
2012.032.03,,Illuminated  Icon #8,Jay Shinn,2012,"Neon, enamel, mirror Plexiglas, and frosted Plexiglas
",,"7800 Airport Boulevard, Houston, TX 77061",William P. Hobby Airport,HAS,B
2012.034.01,,"Lankydoo
",Randy Twaddle,2012,Ink and coffee on Paper,,"7800 Airport Boulevard, Houston, TX 77061",William P. Hobby Airport,HAS,B
2012.034.02,,"Grid Your Lines
",Randy Twaddle,2011,Ink and coffee on Paper,,"7800 Airport Boulevard, Houston, TX 77061",William P. Hobby Airport,HAS,B
2012.038.01,,"Yellowstone Vessel #1
",Harlan Butt,2010,"copper, enamel, silver",,"2800 North Terminal Road Houston, TX 77032","IAH, Bush Intercontinental Airport",HAS,B
2012.038.02,,"Yellowstone Vessel #3
",Harlan Butt,2010,"copper, enamel, silver",,"2800 North Terminal Road Houston, TX 77032","IAH, Bush Intercontinental Airport",HAS,B
2012.038.03,,"Golden Feather
",Harlan Butt,2012,"copper, enamel, silver",,"2800 North Terminal Road Houston, TX 77032","IAH, Bush Intercontinental Airport",HAS,B
2012.038.04,,"Big Cypress Horizon #1
",Harlan Butt,2003,silver and enamel,,"2800 North Terminal Road Houston, TX 77032","IAH, Bush Intercontinental Airport",HAS,B
2012.039.01,,"It Is Difficult To Remain Optmistic
",Jim Love,1984,welded steel,,"2800 North Terminal Road Houston, TX 77032","IAH, Bush Intercontinental Airport",HAS,B
2012.039.02,,Flowers,Jim Love,1999-2000,"cast bronze, unique",,"2800 North Terminal Road Houston, TX 77032","IAH, Bush Intercontinental Airport",HAS,B
2012.042.01,,"Blue Eyed Grass - Not A True Grass
",Page Kempner,2011,"cast bronze, gesso, graphite, acrylic seal, unique
",,"2800 North Terminal Road Houston, TX 77032","IAH, Bush Intercontinental Airport",HAS,B
2012.042.02,,"Dark Dichondra
",Page Kempner,2011,"cast bronze, gesso, Caran D'Ache crayon with acrylic seal, unique
",,"2800 North Terminal Road Houston, TX 77032","IAH, Bush Intercontinental Airport",HAS,B
2014.005.01,,Carcass,Marshall K. Harris,2011,Graphite on Mylar,,"2800 North Terminal Road Houston, TX 77032","IAH, Bush Intercontinental Airport",HAS,B
2014.005.02,,Miss Mindy's Demise,Marshall K. Harris,2013,Urethane casting,,"2800 North Terminal Road Houston, TX 77032","IAH, Bush Intercontinental Airport",HAS,B
2014.006.01,,Atramentite,Megan Harrison,2013,Ink and acrylic on Paper,,"2800 North Terminal Road Houston, TX 77032","IAH, Bush Intercontinental Airport",HAS,B
2014.006.02,,Atramentite Crystal,Megan Harrison,2013,"Ink, paper, plaster, archival foamcore, and wax",,"2800 North Terminal Road Houston, TX 77032","IAH, Bush Intercontinental Airport",HAS,B
2014.008.01,,Deer Fawn,Ken Little,1999,Bronze,,"2800 North Terminal Road Houston, TX 77032","IAH, Bush Intercontinental Airport",HAS,B
2014.008.02,,Hey,Ken Little,1996,Bronze (edition of 25),,"2800 North Terminal Road Houston, TX 77032","IAH, Bush Intercontinental Airport",HAS,B
2014.008.03,,So,Ken Little,1996,Bronze (edition of 25),,"2800 North Terminal Road Houston, TX 77032","IAH, Bush Intercontinental Airport",HAS,B
2014.009.01,,Bayou Rocket Fish,Lee Littlefield,2012,Wood and enamel paint,,"2800 North Terminal Road Houston, TX 77032","IAH, Bush Intercontinental Airport",HAS,B
2014.009.02,,Blood Bug,Lee Littlefield,2012,Wood and enamel paint,,"2800 North Terminal Road Houston, TX 77032","IAH, Bush Intercontinental Airport",HAS,B
2014.009.03,,Jelly From The Dark,Lee Littlefield,2012,Wood and enamel paint,,"2800 North Terminal Road Houston, TX 77032","IAH, Bush Intercontinental Airport",HAS,B
2014.010.01,,Reddish Egret,Liza Littlefield,2012,Paint on Copper and brass,,"2800 North Terminal Road Houston, TX 77032","IAH, Bush Intercontinental Airport",HAS,B
2014.010.02,,Eastern Meadowlark,Liza Littlefield,2012,Paint on Copper and brass,,"2800 North Terminal Road Houston, TX 77032","IAH, Bush Intercontinental Airport",HAS,B
2014.010.03,,Hands With Eggs,Liza Littlefield,2014,Paint on Copper and brass,,"2800 North Terminal Road Houston, TX 77032","IAH, Bush Intercontinental Airport",HAS,B
2014.012.01,,Hives,Susannah Mira,2013,Laser cut plywood,,"2800 North Terminal Road Houston, TX 77032","IAH, Bush Intercontinental Airport",HAS,B
2014.012.02,,Untitled Coil,Susannah Mira,2013,Laser cut plywood,,"2800 North Terminal Road Houston, TX 77032","IAH, Bush Intercontinental Airport",HAS,B
2014.019.01,,Iconic,Cathie Kayser,2013,Intaglio and monoprint,,"2800 North Terminal Road Houston, TX 77032","IAH, Bush Intercontinental Airport",HAS,B
2014.019.02,,"Tiresias, the blind psychopomp",Cathie Kayser,2013,Lithography and monoprint,,"2800 North Terminal Road Houston, TX 77032","IAH, Bush Intercontinental Airport",HAS,B
2014.020.01,,Deconstruction #3,Paul Kittelson,2012,Contact paper and glass,,"2800 North Terminal Road Houston, TX 77032","IAH, Bush Intercontinental Airport",HAS,B
2014.020.02,,Crescent,Paul Kittelson,2005,Urethane resin,,"2800 North Terminal Road Houston, TX 77032","IAH, Bush Intercontinental Airport",HAS,B
2014.021.01,,Blu Lu,Carter Ernst,2013,Fabric over ceramic with acrylic resin,,"2800 North Terminal Road Houston, TX 77032","IAH, Bush Intercontinental Airport",HAS,B
2014.021.02,,Untitled (an arrangement of 9),Carter Ernst,2013,"Ceramic with various patinas: gloss glaze, velvet glaze, and ink with acrylic sealer",,"2800 North Terminal Road Houston, TX 77032","IAH, Bush Intercontinental Airport",HAS,B
2014.022.01,,Hat Six,Michael Kennaugh,2013,Oil on Canvas,,"16930 JFK Boulevard Houston, TX 77032",HAS Admin Building,HAS,B
2014.022.02,,Black Sculpture,Michael Kennaugh,2013,"Oil paint, canvas, and wood",,"2800 North Terminal Road Houston, TX 77032","IAH, Bush Intercontinental Airport",HAS,B
2014.026.01,,Tidal Wave - Lemon Yellow,Tudor Mitroi,2011,Casein and acrylic on Wood,,"2800 North Terminal Road Houston, TX 77032","IAH, Bush Intercontinental Airport",HAS,B
2014.026.02,,Untitled - Blue,Tudor Mitroi,2011,"Casein, acrylic, and graphite on Wood",,"2800 North Terminal Road Houston, TX 77032","IAH, Bush Intercontinental Airport",HAS,B
2014.027.01,,Cultural Anthropology,Elaine Bradford,2013,Mixed Media,,"2800 North Terminal Road Houston, TX 77032","IAH, Bush Intercontinental Airport",HAS,B
2014.027.02,,Lean,Elaine Bradford,2013,Yarn and found log,,"2800 North Terminal Road Houston, TX 77032","IAH, Bush Intercontinental Airport",HAS,B
,1975.005,West of the Pecos,Rolf Westphal,1975,Painted Steel,Gift from the Contemporary Arts Museum Houston and Aromco Steel,"2800 North Terminal Road Houston, TX 77032","IAH, Bush Intercontinental Airport  : Will Clayton Parkway",HAS,B
,1985.001,Call Ernie,Jim Love,1985,Painted Steel,DONATED WITH LOVE TO THE PEOPLE OF HOUSTON BY SOUTHWEST AIRLINES,"7800 Airport Boulevard, Houston, TX 77061",Hobby Airport : Passenger Drop-Off,HAS,I
,1990.003,Mickey Leland,Ed Dwight,1990,Bronze,Airports Improvement Fund,"2800 North Terminal Road Houston, TX 77032","IAH, Bush Intercontinental Airport  : Terminal D : Ticketing Lobby",HAS,B
,1998.006,Winds of Change,David Adickes,1998,Bronze,,"2800 North Terminal Road Houston, TX 77032","IAH, Bush Intercontinental Airport  : Terminal C",HAS,B
,1999.005,Countree Music,Terry Allen,1999,Bronze,,"2800 North Terminal Road Houston, TX 77032","IAH, Bush Intercontinental Airport  : Terminal A : South Concourse : Atrium",HAS,B
,2001.003,Elevator Core,Rachel Hecker,2000,"Stainless Steel, Lighting",,"2800 North Terminal Road Houston, TX 77032","IAH, Bush Intercontinental Airport  : Terminal B : Elevators",HAS,B
,2003.001,Houston Bayou,Dixie Friend Gay,2003,Glass Tiles on Wall,,"2800 North Terminal Road Houston, TX 77032","IAH, Bush Intercontinental Airport  : Terminal B : Garage Walkway",HAS,B
,2003.005,Moonwalking Cow,Silvestri,2003,Painted Fiberglass,,"2800 North Terminal Road Houston, TX 77032","IAH, Bush Intercontinental Airport  : Terminal A : Lobby",HAS,B
,2004.005,Passing Through,Leamon Green,2004,Etched Glass,,"2800 North Terminal Road Houston, TX 77032","IAH, Bush Intercontinental Airport  : Terminal A : Garage Walkway",HAS,B
,2004.009,Light Wings,Ed Carpenter,2001,"Dichroic glass, stainless steel, and computerized lighting",,"2800 North Terminal Road Houston, TX 77032","IAH, Bush Intercontinental Airport  : Terminal A : North Concourse : Atrium",HAS,B
,2004.011,Galaxy Way,Rolondo Briseno,2004,Acrylic Sheet,,"2800 North Terminal Road Houston, TX 77032","IAH, Bush Intercontinental Airport  : Termalink Train Station : Terminals D and ",HAS,B
,2004.012,Leopard Sky,Sheila Klein,2004,Mixed Media on Ceiling,,"2800 North Terminal Road Houston, TX 77032","IAH, Bush Intercontinental Airport  : Terminal E : Passenger Pick-Up",HAS,B
,2004.013,Time Line,Ben Woitena,2004,"Painted Steel, Reflective Tape",,"2800 North Terminal Road Houston, TX 77032","IAH, Bush Intercontinental Airport  : Outside : Between Terminals D and E",HAS,B
,2004.014,Skywall,Bill Fitzgibbons,2004,"Electronics, Lights on Aluminum",,"2800 North Terminal Road Houston, TX 77032","IAH, Bush Intercontinental Airport  : Terminal E : Outside : International Arriv",HAS,B
,2004.015,Beads,Jim Hirschfield and Sonya Ishii,2009,Powder Coated Aluminum and Enameled Steel,,"2800 North Terminal Road Houston, TX 77032","IAH, Bush Intercontinental Airport  : Terminal E : International Arrivals : Pass",HAS,B
,2004.016,Travel Light,The Art Guys,2004,"Cast Resin, Electronically Controlled Lights",,"2800 North Terminal Road Houston, TX 77032","IAH, Bush Intercontinental Airport  : Terminal E : International Arrivals : Bagg",HAS,B
,2004.017,Airdrops,Kate Petley,2004,"Plexiglas, Resin, Glass, Steel",,"2800 North Terminal Road Houston, TX 77032","IAH, Bush Intercontinental Airport  : Terminal E : International Arrivals",HAS,B
,2009.01,Over Houston,Gordon Huether,2009,Art Glass,,"7800 Airport Boulevard, Houston, TX 77061",Hobby Airport - APM Skybridge,HAS,I
,2010.005,Take-Off,Carter Ernst and Paul Kittleson,2009,Stainless Steel and landscaping,,"7800 Airport Boulevard, Houston, TX 77061",Hobby Airport - Median along street entrance,HAS,I
,2010.007,Vector HH,Luca Buvoli,2010,Steel and cast acrylic sheets,,"7800 Airport Boulevard, Houston, TX 77061",Hobby Airport - Baggage claim escalators,HAS,I
,2010.009,Houston Can You Hear Me?,Hana Hillerova,2010,powder coated aluminum,,"2800 North Terminal Road Houston, TX 77032","IAH, Bush Intercontinental Airport  : Terminal A : Automatic People Mover",HAS,B
,2011.001,Radiant Fountains,Dennis Oppenheim,2010,"Stainless Steel, programmed LED lighting",,"2800 North Terminal Road Houston, TX 77032","IAH, Bush Intercontinental Airport  : John F. Kennedy Blvd. near Rankin Rd.",HAS,B
,2014.034,Hot Rod Mustang,Tim Glover,2014,"Stainless steel, rubber",,"2800 North Terminal Road Houston, TX 77032","IAH, Bush Intercontinental Airport",HAS,B
,2014.037,Brick & Mortar,Jessica Kreutter,2013,"Ceramic, glaze, and brick",,"2800 North Terminal Road Houston, TX 77032","IAH, Bush Intercontinental Airport",HAS,B
,2014.038,Light as a Feather - Heavy as a Freight Train,Ed Wilson,1999,Cast iron and steel,,"2800 North Terminal Road Houston, TX 77032","IAH, Bush Intercontinental Airport",HAS,B
,2014.039,Don't Lie Bouquet ,Karin Broker,2006-2012,Construciton and found object,,"2800 North Terminal Road Houston, TX 77032","IAH, Bush Intercontinental Airport",HAS,B
,2014.04,"Golden Pavilion, Edition 1 of 5",Jonathan Seliger,2012,"Gold plated polished bronze, lacquer and nickel plated bronze rod",,"2800 North Terminal Road Houston, TX 77032","IAH, Bush Intercontinental Airport",HAS,B
,2014.041,Doubles,David Medina,2014,Bronze,,"2800 North Terminal Road Houston, TX 77032","IAH, Bush Intercontinental Airport",HAS,B
,2014.044,"Yes, Please",Scott Proctor,2014,Glazed ceramic/earthenware,,"2800 North Terminal Road Houston, TX 77032","IAH, Bush Intercontinental Airport",HAS,B
,2014.045,Transchromie à six Éléments 65/75,Carlos Cruz-Diez,2010,Plexiglas,,"2800 North Terminal Road Houston, TX 77032","IAH, Bush Intercontinental Airport",HAS,B
,2014.046,Untitled,Mariano Dal Verme,2013,Graphite and paper,,"2800 North Terminal Road Houston, TX 77032","IAH, Bush Intercontinental Airport",HAS,B
,2004.002.01-04,"Passages 1,2,3,4",Leslie Elkins and Bert Samples,2004,Etched Glass,,"2800 North Terminal Road Houston, TX 77032","IAH, Bush Intercontinental Airport  : Skybridges between Terminals D and E",HAS,B
,2004.004.01-02,"One Bounce, Two Bounces...",Sandra Fiedorek,2004,Paint on Glass,,"2800 North Terminal Road Houston, TX 77032","IAH, Bush Intercontinental Airport  : Terminal E : International Arrivals : Bagg",HAS,B
,2006.001.01,Wind Trees,George Sacaris,2008,Painted Aluminum,,"2800 North Terminal Road Houston, TX 77032","IAH, Bush Intercontinental Airport  : Consolidated Rental Car Facility",HAS,B
,2014.035.01,T.N.S. Clute,Michael Horvath,2013,,,"2800 North Terminal Road Houston, TX 77032","IAH, Bush Intercontinental Airport",HAS,B
,2014.035.02,T.N.S. Stephen Fuller Austin,Michael Horvath,2013,,,"2800 North Terminal Road Houston, TX 77032","IAH, Bush Intercontinental Airport",HAS,B
,2014.036.01,Tumbling Match 72,Meredith Jack,2007,Bronze,,"2800 North Terminal Road Houston, TX 77032","IAH, Bush Intercontinental Airport",HAS,B
,2014.036.02,Barrier to the Unknown,Meredith Jack,2014,Stablized foam and wood,,"2800 North Terminal Road Houston, TX 77032","IAH, Bush Intercontinental Airport",HAS,B
,2014.042.01,Here We Are,Kyle Olson,2012,"Carved wood, cast lead, bubble gum
",,"2800 North Terminal Road Houston, TX 77032","IAH, Bush Intercontinental Airport",HAS,B
,2014.042.02,Burning Desires,Kyle Olson,2012,Daguerreotype and bronzed matches on cast resin,,"2800 North Terminal Road Houston, TX 77032","IAH, Bush Intercontinental Airport",HAS,B
,2014.043.01,Cleanliness is next to Hot Rodliness,Katie Pell,2007,"Metal, paint, fabric",,"2800 North Terminal Road Houston, TX 77032","IAH, Bush Intercontinental Airport",HAS,B
,2014.043.02,Melanie Safka Commemorative Toaster,Katie Pell,2006,"Wood, metal, paint",,"2800 North Terminal Road Houston, TX 77032","IAH, Bush Intercontinental Airport",HAS,B
,2014.047.01,Tidal Wave,Masaru Takiguchi,2002,Ash,,"2800 North Terminal Road Houston, TX 77032","IAH, Bush Intercontinental Airport",HAS,B
,2014.047.02,Chatter Box II,Masaru Takiguchi,2002,Walnut,,"2800 North Terminal Road Houston, TX 77032","IAH, Bush Intercontinental Airport",HAS,B
,2000.003,Movement,Elena Cusi-Wortham,2000-2003,Ceramic,,"912 Prairie Street, Houston, TX 77022",Downtown,HDMD,I
,2000.004,Medallions,Toby Topek,2000,Marble Tiles on Sidewalk,Cotswold Project,"Texas Ave. : at Fannin, San Jacinto, La Branch",,HDMD,I
,2000.005,Puzzle Pavers,Leamon Green,2000?,Concrete,Cotswold Project,Prarie St. : at Austin St.,,HDMD,I
,2000.011,Water Table,Malou Flato,2000,Ceramic,,"301 Milam Street Houston, TX 77002",Market Square Park,HDMD,I
,2002.001,"Houston Waters I, II; Bayou",Brad J. Goldberg,2003,"Granite, Limestone",Costswold Project,Main Street at Congress and Preston : 493 L,,HDMD,I
2005.001,,Untitled,Suzanne E. Sellers,2006,Hand painted and fired ceramic tiles on Concrete Board,,"6515 Lyons St. Houston, TX 77020",Fire Station 27 - exterior,HFD,H
,2012.001,APRECI8   (Appreciate),Kirk Baxter,2011,"Stainless steel firepole, concrete, water, acrylic, drywall",,"1919 Louisiana St. Houston, TX 77019",Fire Station 8,HFD,I
,2009.009a,Fire and Water,Jeff G. Smith,2009,Stained Glass,,"7026 Stella Link Rd. Houston, TX 77025",Fire Station 37,HFD,C
,2009.009b,Tree with Squirrel,Jeff G. Smith,2009,Stained Glass,,"7026 Stella Link Rd. Houston, TX 77025",Fire Station 37,HFD,C
2009.002,,Blossoms of Kashmere Gardens,Reginald Adams,2009,Industrial and hand-made ceramic tile on Concrete,,"4802 Lockwood Drive, Houston, TX 77026",Kashmere Multi-Service Center,HHS,B
,1977.007,Jonah and the Whale,Carroll Harris Simms,1977,Bronze on Brick Base,,"4014 Market Street, Houston, TX 77020",Fifth Ward Multi Service Center,HHS,B
,1978.002,Axis,Frank McGuire,1978,Painted Steel,,"170 Heights Blvd. Houston, TX 77007",West End Multi-Service Center - Outside,HHS,H
,2005.002,Ladder of Hope,Floyd Newsum,2005,Painted Stainless Steel,,"6719 West Montgomery Road, Houston, TX 77091",Acres Homes Multi-Service Center,HHS,B
,2005.005,Lyons Avenue (Untitled),Fletcher Mackey,2005,"Ceramic, Steel, Electronic Sign",,"5602 Lyons Avenue, Houston, TX 77020",Lyons Health Center,HHS,H
,2006.003,Fuego Y Agua,Antonio Briones,2006,Terrazzo,,"6441 High Star Drive, Houston, TX 77074",Southwest Multi-Service Center,HHS,F
,2006.004,Arcadia,Arielle Masson,2006,Image Tempered Composite Glass Panels,,"170 Heights Blvd. Houston, TX 77007",West End Multi-Service Center - Clinic,HHS,H
,2009.008,Sheltering Growth,Koryn Rolstad,2009,"Powder coated aluminum, sheet aluminum, Lexan, and radiant acrylic",,"9720 Spaulding Street, Houston, TX 77016",Northeast Multi-Service Center,HHS,B
2006.002,,Ronald E. McNair,Elena Cusi-Wortham,2007,Photograph on Enameled Photopanels,,"2202 St Emanuel St, Houston, TX 77004",McNair Police Station,HPD,I
2009.003.a,,Beacon,In Plain Sight Art,2009,fused glass and anodized aluminum,," 8300 Mykawa Rd. Houston, Texas, 77033",Southeast Police Station,HPD,D
2009.003.b,,Lumen,In Plain Sight Art,2009,fused glass photo-collage,," 8300 Mykawa Rd. Houston, Texas, 77033",Southeast Police Station,HPD,D
,1966.001,Untitled - 1966,Morio Shinoda,1966,Metal,,"1200 Travis Street, Houston, TX 77002",Police Headquarters,HPD,I
,1990.002,Houston Police Officers' Memorial,Jesús Bautista Moroles,1990,"Granite, Earth, Water",,"18-3600 Allen Parkway Houston, TX 77002",Buffalo Bayou Park  ,HPD,I
,2010.006,Your Loyal Mighties,Sharon Engelstein,2010,"Steel, expanded polystyrene, Glass Fiber Reinforced Concrete (GFRC)",,"5005 Little York Road, Houston, TX 77016",Mounted Patrol Stables and K-9 Training Facility,HPD,B
,2011.006.01,Order Through Law,Gordon Huether,2011,Dye printed photographs on Aluminum,,"7277 Regency Square Boulevard Houston, TX 77036",Midwest Police Station,HPD,J
,2011.006.02,Justice with Mercy,Gordon Huether,2011,Powedercoated steel and stainless steel,,"7277 Regency Square Boulevard Houston, TX 77036",Midwest Police Station,HPD,J
1975.001,,"Geometric Mouse, Scale X",Claes Oldenburg,1971,Painted Steel,Donated Anonymously to the City of Houston,"500 McKinney St. Houston, TX 77002",Central Library - Julia Ideson Building Exterior,HPL,I
1981.001,,Total Trust,Ann Armstrong,1981,Bronze,Art in Public Places Project made possible by the National Endowment for the Arts and a Community Development Block Grant,"8501 West Montgomery Road, Houston, TX 77088",Acres Home Branch Library,HPL,B
1982.001,,Untitled,Josie Mendoza,1982,Paint on Canvas mounted on Board,Art in Public Places Project made possible by the National Endowment for the Arts and a Community Development Block Grant,"702 Kress Street, Houston, TX 77020",Tuttle Library Branch - Meeting room,HPL,B
1982.005,,The Light Within,Jana Vander Lee,1982,"Linen, Wool",Art in Public Places Project made possible by the National Endowment for the Arts and a Conmmunity Development Block Grant,"9525 Irvington Boulevard, Houston, TX 77076",Moody Library Branch - Lobby,HPL,H
2009.001,,ART/LIFE,"Bert L. Long, Jr.",2008,Acrylic on Canvas,,"2510 Willowick Road, Houston, TX 77027",Looscan Neighborhood Library,HPL,G
2013.001,,Inner City 1996,Ibsen Espada,1996,Tempera and Acrylic on rice paper mounted on canvas,"Gift of the Museum of Fine Arts, Houston with funds provided by the Lila Wallace-Reader's Digest fund.  Additional support has been provided by the Charles E. Culpeper Foundation, the Edward and Betty Marcus Foundation, and the National Endowment for the Arts, a federal agency.","500 McKinney St. Houston, TX 77002",Central Library - Jones Building 6th Floor Storage,HPL,I
,0.001,Untitled - Children Stand on Tree,"Earlie Hudnall, Jr.",,Gelatin Silver Photograph,Art in Public Places Project made possible by the National Endowment for the Arts and a Community Development Block Grant,"5411 Pardee St. Houston, TX 77026",McKrane-Kashmere Gardens Branch Library - Storage,HPL,B
,0.002,John E.T. Milsaps,Grace Spaulding John,1932,Oil on Canvas,,"500 McKinney St. Houston, TX 77002",Central Library - Julia Ideson Building,HPL,I
,0.005,Untitled - Woman Seated in Chair,"Earlie Hudnall, Jr.",,Gelatin Silver Photograph,Art in Public Places Project made possible by the National Endowment for the Arts and a Community Development Block Grant,"5411 Pardee St. Houston, TX 77026",McKrane-Kashmere Gardens Branch Library - Storage,HPL,B
,0.006,The Prophet,"Earlie Hudnall, Jr.",1980,Gelatin Silver Photograph,Art in Public Places Project made possible by the National Endowment for the Arts and a Community Development Block Grant,"5411 Pardee St. Houston, TX 77026",McKrane-Kashmere Gardens Branch Library,HPL,B
,0.007,Untitled - Wedding Scene,"Earlie Hudnall, Jr.",,Gelatin Silver Photograph,Art in Public Places Project made possible by the National Endowment for the Arts and a Community Development Block Grant,"5411 Pardee St. Houston, TX 77026",McKrane-Kashmere Gardens Branch Library,HPL,B
,0.009,Untitled - Two Eggs in a Nest,"Earlie Hudnall, Jr.",,Gelatin Silver Photograph,Art in Public Places Project made possible by the National Endowment for the Arts and a Community Development Block Grant,"5411 Pardee St. Houston, TX 77026",McKrane-Kashmere Gardens Branch Library - Storage,HPL,B
,0.01,Untitled - Row of Settlement Housing,"Earlie Hudnall, Jr.",,Gelatin Silver Photograph,Art in Public Places Project made possible by the National Endowment for the Arts and a Community Development Block Grant,"5411 Pardee St. Houston, TX 77026",McKrane-Kashmere Gardens Branch Library,HPL,B
,0.011,Untitled - Neighborhood Grocery,"Earlie Hudnall, Jr.",,Gelatin Silver Photograph,Art in Public Places Project made possible by the National Endowment for the Arts and a Community Development Block Grant,"5411 Pardee St. Houston, TX 77026",McKrane-Kashmere Gardens Branch Library,HPL,B
,0.014,Untitled - Horse,"Earlie Hudnall, Jr.",,Gelatin Silver Photograph,Art in Public Places Project made possible by the National Endowment for the Arts and a Community Development Block Grant,"5411 Pardee St. Houston, TX 77026",McKrane-Kashmere Gardens Branch Library,HPL,B
,0.017,Carnegie Columns,,1980-1984,Building fragments,,"1050 Quitman Street, Houston, TX 77009",Carnegie Branch Library - outside in adjacent park,HPL,H
,0.022,Untitled - Five Boys,"Earlie Hudnall, Jr.",,Gelatin Silver Photograph,Art in Public Places Project made possible by the National Endowment for the Arts and a Community Development Block Grant,"5411 Pardee St. Houston, TX 77026",McKrane-Kashmere Gardens Branch Library,HPL,B
,0.026,Untitled - Aged Man,"Earlie Hudnall, Jr.",,Gelatin Silver Photograph,Art in Public Places Project made possible by the National Endowment for the Arts and a Community Development Block Grant,"5411 Pardee St. Houston, TX 77026",McKrane-Kashmere Gardens Branch Library - Storage,HPL,B
,0.027,Untitled - Seascape,"Earlie Hudnall, Jr.",,Gelatin Silver Photograph,Art in Public Places Project made possible by the National Endowment for the Arts and a Community Development Block Grant,"5411 Pardee St. Houston, TX 77026",McKrane-Kashmere Gardens Branch Library - Storage,HPL,B
,0.028,Untitled - Boys Marching in a Parade,"Earlie Hudnall, Jr.",,Gelatin Silver Photograph,Art in Public Places Project made possible by the National Endowment for the Arts and a Community Development Block Grant,"5411 Pardee St. Houston, TX 77026",McKrane-Kashmere Gardens Branch Library,HPL,B
,0.029,Untitled - Chickens Pecking,"Earlie Hudnall, Jr.",,Gelatin Silver Photograph,Art in Public Places Project made possible by the National Endowment for the Arts and a Community Development Block Grant,"5411 Pardee St. Houston, TX 77026",McKrane-Kashmere Gardens Branch Library,HPL,B
,0.043,Juan Seguin Bust,,,Limestone,,"500 McKinney St. Houston, TX 77002",Central Library - Julia Ideson Building,HPL,I
,0.044,Stephen F. Austin,John O'Brien,,Marble,Donated by Major Ingham S. Roberts,"500 McKinney St. Houston, TX 77002",Central Library - Julia Ideson Building,HPL,I
,0.046,Girl Seated On Bench,,,Textile,,"5300 Caroline Street, Houston, TX 77004",Clayton Geneaological Branch Library - Main House - Second Floor,HPL,D
,0.064,Mr. and Mrs. William Clayton,Floyd Embry,,Charcoal on Paper,,"5300 Caroline Street, Houston, TX 77004",Clayton Geneaological Branch Library - Stairs,HPL,D
,0.067,Belle Sherman Kendall,,Unknown,Oil on Canvas,,"14330 Memorial Dr, Houston, Texas 77079",Kendall Branch Library,HPL,G
,0.068,Arnold and Etta Hillendahl,,Unknown,Oil on Canvas,,"2436 Gessner Rd, Houston, TX 77080",Hillendahl Branch Library - Meeting room,HPL,A
,0.069,Archbishop Flores,Jose Perez,Unknown,Oil on Canvas,,"110 North Milby St.Houston, Texas 77003",Flores Branch Library,HPL,I
,0.088,Trumpeters and Young Girls Dancing - after original in the Florentine Cathedral,,,Plaster,,"500 McKinney St. Houston, TX 77002",Central Library - Julia Ideson Building,HPL,I
,0.102,Dance of the Muses,,,Oil on Canvas,,"500 McKinney St. Houston, TX 77002",Central Library - Julia Ideson Building,HPL,I
,0.109,Dr. Lonnie E. Smith,,,Photograph,,"3624 Scott Street, Houston, TX 77004",Smith Branch Library,HPL,D
,0.112,Mother with Sons,"Earlie Hudnall, Jr.",1973,Gelatin Silver Photograph,Art in Public Places Project made possible by the National Endowment for the Arts and a Community Development Block Grant,"5411 Pardee St. Houston, TX 77026",McKrane-Kashmere Gardens Branch Library - Storage,HPL,B
,0.126,J. Frank Jungman,,,Paint on Canvas,,"5830 Westheimer Road, Houston, TX 77057",Jungman Branch Library,HPL,G
,0.132,Untitled - Man and Boy,"Earlie Hudnall, Jr.",,Gelatin Silver Photograph,Art in Public Places Project made possible by the National Endowment for the Arts and a Community Development Block Grant,"5411 Pardee St. Houston, TX 77026",McKrane-Kashmere Gardens Branch Library,HPL,B
,0.206,Color Wall 2,Michael John Smith,2003,"Electronics, Lights on Metal Screen",,"7405 Stella Link Road, Houston, TX 77025",McGovern-Stella Link Branch Library - Teen room,HPL,G
,0.209,Madonna del Cardellino,,,Marble,,"1050 Quitman Street, Houston, TX 77009",Carnegie Branch Library,HPL,H
,1893.001,Sam Houston,Elisabeth Ney,1893,Plaster,,"500 McKinney St. Houston, TX 77002",Central Library - Julia Ideson Building,HPL,I
,1904.001,Venus De Milo,,1904,Plaster reproduction/wood base,,"500 McKinney St. Houston, TX 77002",Central Library - Julia Ideson Building,HPL,I
,1905.003,Rembrandt - after original in LOUVRE,Emma Richardson Cherry,1905,Oil on Canvas,,"500 McKinney St. Houston, TX 77002",Central Library - Julia Ideson Building,HPL,I
,1905.004,Norma Meldrum Plaque,Thomas Hudson Jones,4/6/1905,Bronze,Donated to the Library by Mr. and Mrs. N. S. Meldrum.,"500 McKinney St. Houston, TX 77002",Central Library - Julia Ideson Building,HPL,I
,1906.001,Sappho,,1906,Bronze reproduction,donated by Mrs. M.T. Jones in 1906,"500 McKinney St. Houston, TX 77002",Central Library - Julia Ideson Building,HPL,I
,1914.001,Laura,,1914,Marble,"Donated by Mrs. Mary B. Hill in 1914 as a memorial to her daughter, Miss Abbie Hill.","500 McKinney St. Houston, TX 77002",Central Library - Julia Ideson Building,HPL,I
,1927.001,Sam Houston,Thurston J. Donnellan,1927,Oil on Canvas,,"500 McKinney St. Houston, TX 77002",Central Library - Julia Ideson Building,HPL,I
,1928.003,Hen & Brood Of Chickens,Raymon Bigot,1928,Wood,Donated to the Library by Dr. and Mrs. M.L. Graves in 1928.,"500 McKinney St. Houston, TX 77002",Central Library - Julia Ideson Building,HPL,I
,1928.004,Wild Boar,,,Wood,Donated to the Library by Mrs. E. L. Lovett in 1928,"500 McKinney St. Houston, TX 77002",Central Library - Julia Ideson Building,HPL,I
,1929.001,Don Quixote,Talavera Pottery,1929,Ceramic Tiles,Donated to the Library by Senorita Esperanza Velasquez Bringas in 1929 in appreciation of the Spanish architecture of the central library after her visit in 1928.,"500 McKinney St. Houston, TX 77002",Central Library - Julia Ideson Building,HPL,I
,1932.002,Spider Lilies,Ruth Pershing Uhler,1932,Oil on Canvas,,"500 McKinney St. Houston, TX 77002",Central Library - Julia Ideson Building,HPL,I
,1932.003,George Washington Bust after Houdon,Frank A. Teich,,Plaster,Donated by the Daughters of the american Revolution in 1932.,"500 McKinney St. Houston, TX 77002",Central Library - Julia Ideson Building,HPL,I
,1933.002,The Venus De Milo,,1933,Plaster,,"10115 Kleckley Drive, Houston, TX 77075",Old Bracewell Library,HPL,I
,1934.003,L'Aurora,,1934,Oil on Canvas,,"500 McKinney St. Houston, TX 77002",Central Library - Julia Ideson Building,HPL,I
,1934.005,Julia Ideson,Julian Meunch,1934,Oil on Canvas,,"500 McKinney St. Houston, TX 77002",Central Library - Julia Ideson Building,HPL,I
,1935.001,Houston Lyceum Committee,Ruth Pershing Uhler,1935,Oil on Canvas (est.) mounted to masonry wall,"Public Works of Art Project, 1933-34, as part of the Works Progress Administration ","500 McKinney St. Houston, TX 77002",Central Library - Julia Ideson Building,HPL,I
,1936.001,Texas Capital Of 1837,Emma Richardson Cherry,1936,Paint on Canvas mounted to wall,,"500 McKinney St. Houston, TX 77002",Central Library - Julia Ideson Building,HPL,I
,1936.002,Texas President's House,Emma Richardson Cherry,1936,Paint on Canvas mounted to wall,,"500 McKinney St. Houston, TX 77002",Central Library - Julia Ideson Building,HPL,I
,1936.003,Arlington,Emma Richardson Cherry,1936,Mural on Canvas,,"500 McKinney St. Houston, TX 77002",Central Library - Julia Ideson Building,HPL,I
,1936.004,Beauvoir,Emma Richardson Cherry,1936,Mural on Canvas,,"500 McKinney St. Houston, TX 77002",Central Library - Julia Ideson Building,HPL,I
,1936.005,Adele Briscoe Looscan,Emma Richardson Cherry,1936,Oil on Canvas,"Presented to the Houston Public Library by the Ladies Reading Club, 1936","2510 Willowick Road, Houston, TX 77027",Looscan Neighborhood Library,HPL,G
,1937.001,Mrs. H.F. Ring,Emma Richardson Cherry,1937,Oil on Canvas,,"8835 Long Point Road, Houston, TX 77055",Ring Branch Library - Behind checkout,HPL,A
,1938.001,Park Place Branch,Robert Alexander Irvine,1938,Colored Pencil on Paper,,"8145 Park Place Boulevard, Houston, TX 77017",Park Place Branch Library,HPL,I
,1941.001,Galveston Bay/Harbor,Verner White,1903,Oil on Canvas,Donated to the Library by Mrs. Verner White in 1941,"500 McKinney St. Houston, TX 77002",Central Library - Julia Ideson Building,HPL,I
,1962.001,Norma Meldrum,,,Oil on Canvas,,"500 McKinney St. Houston, TX 77002",Central Library - Julia Ideson Building,HPL,I
,1966.004,Winston Churchill,William M. McVey,1966,Bronze,,"2999 South Wayside Dr. Houston, TX 77023",Gragg Building,HPL,I
,1971.007,Arnold Hillendahl & His Mule Jo,Nell Pearson,1971,Oil on Canvas,,"2436 Gessner Rd, Houston, TX 77080",Hillendahl Branch Library,HPL,A
,1974.004,HM Series #2,David Hickman,1974,Acrylic on Canvas,,"2999 South Wayside Dr. Houston, TX 77023",Gragg Building - Recreation and Wellness,HPL,I
,1974.005,#19,David Hickman,1973,Acrylic on Canvas,,"2999 South Wayside Dr. Houston, TX 77023",Gragg Building - Recreation and Wellness,HPL,I
,1976.001,Heights Branch Library,Charles Gilpen,1976,Watercolor,,"1302 Heights Boulevard, Houston, TX 77008",Heights Branch Library,HPL,H
,1977.001,Spring,Chaim Goldberg,1976-77,Wood (Oak),,"2999 South Wayside Dr. Houston, TX 77023",Gragg Building,HPL,I
,1979.002,Kendall Library,Harold Lenz,1979,Oil on Canvas,,"14330 Memorial Dr, Houston, Texas 77079",Kendall Branch Library,HPL,G
,1980.004,"George B. Meyer, Sr.",Gittings Studio,1962,Photograph,,"Meyer Branch Library : 5005 West Bellfort, 77035 : 531 Y",Meyer Branch Library,HPL,C
,1980.005,William Clayton,,1971,Bronze,,"5300 Caroline Street, Houston, TX 77004",Clayton Geneaological Branch Library - Main House - Second Floor,HPL,D
,1983.004,Frank Morris,Leroy Neiman,1983,Portrait,,"6440 West Belfort St. Houston, TX 77035",Frank Branch Library,HPL,C
,1988.001,Two: The Dawn,Jana Vander Lee,5-Mar-88,Yarn on Cardboard Tubes,,"4100 Montrose Blvd. Houston, TX 77006",Freed-Montrose Branch Library - Stairwell,HPL,C
,1988.003,Snow In Houston,Grace Spaulding John,1924,Oil on Canvas,Donated by Patrricia Keightley,"5300 Caroline Street, Houston, TX 77004",Clayton Geneaological Branch Library - Main House - Second Floor,HPL,I
,1988.004,Holcombe Drive,Grace Spaulding John,1925,Oil on Canvas,Donated by Patrricia Keightley,"5300 Caroline Street, Houston, TX 77004",Clayton Geneaological Branch Library - Main House - First Floor,HPL,I
,1988.006,Where Seventeen Railroads Meet The Sea,Grace Spaulding John,1924,Oil on Canvas,Donated by Patrricia Keightley,"5300 Caroline Street, Houston, TX 77004",Clayton Geneaological Branch Library - Main House - First Floor,HPL,I
,1988.008,"Negro House on Dowling Street, 5th Ward",Grace Spaulding John,1924,Oil on Canvas,Donated by Patrricia Keightley,"5300 Caroline Street, Houston, TX 77004",Clayton Geneaological Branch Library - Main House - Second Floor,HPL,I
,2011.002,Pachikadi and his Flying Friends,Elaine Bradford,2011,Expanded polystyrene (EPS) foam and acrylic yarn,,"3801 W. Fuqua St. Houston, TX 77045",Vinson Neighborhood Library - Library Entrance,HPL,D
,0000.091.01,Stealing,Louis John Rhead,,Print on Paper,,"500 McKinney St. Houston, TX 77002",Central Library - Art Storage,HPL,I
,0000.091.02,Cursing,Louis John Rhead,,Print on Paper,,"500 McKinney St. Houston, TX 77002",Central Library - Art Storage,HPL,I
,0000.091.03,Drinking,Louis John Rhead,,Print on Paper,,"500 McKinney St. Houston, TX 77002",Central Library - Art Storage,HPL,I
,0000.091.05,Pride,Louis John Rhead,,Print on Paper,,"500 McKinney St. Houston, TX 77002",Central Library - Art Storage,HPL,I
,0000.091.06,Anger,Louis John Rhead,,Print on Paper,,"500 McKinney St. Houston, TX 77002",Central Library - Art Storage,HPL,I
,1935.002-a-c,"Avila, La Rabida, Toledo",Angela McDonnell,1934,Oil on Canvas mounted to masonry wall,,"500 McKinney St. Houston, TX 77002",Central Library - Julia Ideson Building,HPL,I
,1966.000.01,"Readings, Common and Preferred",John Biggers,1966,Scratchboard,,"3517 Reed Rd. Houston, TX 77051",Johnson Branch Library,HPL,D
,1966.000.02,Be it so Humble,John Biggers,1966,Scratchboard,,"3517 Reed Rd. Houston, TX 77051",Johnson Branch Library,HPL,D
,1966.000.03,Six Days Shalt Thou Labor,John Biggers,1966,Scratchboard,,"3517 Reed Rd. Houston, TX 77051",Johnson Branch Library,HPL,D
,1966.000.04,Unknown Title,John Biggers,1966,Scratchboard,,"3517 Reed Rd. Houston, TX 77051",Johnson Branch Library,HPL,D
,1966.000.05,Birth from the Sea,John Biggers,1966,Casein on Canvas,,"3517 Reed Rd. Houston, TX 77051",Johnson Branch Library,HPL,D
,2010.008.a,Metamorphosis (north panel),Liz Conces Spencer and Gene Hester,2010,Fused Glass on Stainless Steel,,"110 North Milby St.Houston, Texas 77003",Flores Branch Library - North Exterior,HPL,H
,2010.008.b,Metamorphosis (west panel),Liz Conces Spencer and Gene Hester,2010,Fused Glass on Stainless Steel,,"110 North Milby St.Houston, Texas 77003",Flores Branch Library - West Exterior,HPL,H
1947.001,,The Battle of Midway,Sessions,c. 1947,Paint,,"900 Bagby St. Houston, TX 77002",City Hall Annex - 4th Floor,Legal,I
1981.004,,"Dr. Martin Luther King, Jr.",Eric Kaposta,1981,Bronze on Cement,Art in Public Places Project made possible by the National Endowment for the Arts and a Community Development Block Grant,"4548 Bricker Street, Houston, TX 77051",Bricker Park,PARD,D
1990.002,,Don Miguel Hidalgo y Costilla,Miguel Miramontes,1991,Bronze,,"7000 Avenue Q, Houston, TX 77011",Hidalgo Park,PARD,I
1991.001,,Fleming Park Bird Totem,Fletcher Mackey,1991,"Steel, wood, ceramic tile",,"1901 Sunset Boulevard, Houston, TX 77005",Fleming Park,PARD,C
2001.001,,All God's Chillun' Got Wings,Harvey Johnson,2003,Acrylic on Canvas,,"200 Mississippi Street, Houston, TX 77029",Clinton Park,PARD,I
2006.001,,Witness to Freedom,Rosalinda R. Toro,2006,"Bronze, Ceramic Mosaic on Concrete",,"1800 Tidwell Rd. Houston, TX 77093",Veterans Memorial Park,PARD,H
2009.004,,Great Confucius,Willy Wang,2009,Bronze,"A gift to the City of Houston from the General Consulate of the Peoples Republic of China in Houston with the support of The Friends of Confucius Sculpture for Hermann Park, Inc.","6100 Hermann Park Dr.  Houston, Texas, 77030","Hermann Park, Centennial Gardens",PARD,D
1990.001.03,,Benches,Malou Flato,1990,Ceramic,,"301 Milam Street Houston, TX 77002",Market Square Park,PARD,I
1990.001.04,,Points of View,James Surls,1991,"Steel, Wood (Pine)",,"301 Milam Street Houston, TX 77002",Market Square Park,PARD,I
2012.043.01,,Gagarin,Alexsey Leonov,2011,Bronze,A gift to the City of Houston by the International Charity Public Fund Dialogue of Cultures - United World in Moscow (Ruslan Bayramov),"2999 South Wayside Dr. Houston, TX  77023",HPARD Headquarters,PARD,I
2012.043.02,,Astronaut John Glenn,Randy Twaddle,2012,,,"2999 South Wayside Dr. Houston, TX  77023",HPARD Headquarters,PARD,I
,0.086,World War I Monument,,c. 1918-1920,Bronze on Granite,,"1000 Bagby St. Houston, TX 77002",Sam Houston Park ,PARD,I
,0.128,MacGregor Monument,,,Limestone,,"5225 Calhoun Rd. Houston, TX 77021",MacGregor Park,PARD,D
,0.133,Kugel Ball Fountain,Red Hogan Enterprises,,Granite,,"6001 Fannin St. Houston, TX 77030","Hermann Park, Playground",PARD,D
,0.135,Columbia Memorial,,2003,Bronze on Granite Base,,"400 Rusk St. Houston, TX 77002",Tranquillity Park,PARD,I
,0.136,Alexander Hodge Memorial,,1908,Stone,Erected in 1908 by Lady Washington Chapter D.A.R. in Memory of Alexander Hodge,"1000 Bagby St. Houston, TX 77002",Sam Houston Park ,PARD,I
,0.201,Vincente Roca Fuerte,Qual Amadeus Qualacio Collmann,c. 2004,Bronze on Granite Pedestal,,"6100 Hermann Park Dr.  Houston, Texas, 77030","Hermann Park, Centennial Gardens",PARD,D
,0.203,Dr. Jose P. Rizal,Lena Toritch,2006,Bronze,,"6100 Hermann Park Dr.  Houston, Texas, 77030","Hermann Park, Centennial Gardens",PARD,D
,0.207,Japanese Lanterns,,,Granite,Given to the City of Hosuton by the 1964 Japanese Economic Mission,"6001 Fannin St. Houston, TX 77030","Hermann Park, Japanese Gardens",PARD,D
,0.214,untitled (totems),,,Painted Wood,,"110 Sabine St. Houston, TX 77007",Fonde' Recreation Center,PARD,H
,0.226,Hyde Park Fountain,,c. 1945,Concrete,,"1400 Hyde Park Blvd. Houston, TX 77006",Lamar Park,PARD,D
,0.227,Houston Skyline - Gulf Oil,Jim Rabbey,c. 1961,Oil on Canvas,,,,PARD,I
,1905.001,Dick Dowling,Frank A. Teich,1905,White Carrara marble statue on Texas gray granite base,"The monument was commissioned by the Dick Dowing Monument Association, a committee comprising members of the Dick Dowling Camp, United Confederate Veterans; the Ancient order of Hibernians; and the Emmet Council, a Catholic organization.  Each group represented an important facet of Dick Dowling's life.  Among those who participated in fund raising for the monument were George Hermann; John Henry Kirby; John T. Browne, Former Mayor of Houston; Adele Looscan; and William P. Hobby.",Hermann Park : N. MacGregor Dr. at N. MacGregor Way,,PARD,D
,1915.001,Charlotte Allen Fountain,,1912,Marble,,"1701 Elgin St. Houston, TX 77004",Baldwin Park,PARD,I
,1925.001,Sam Houston Monument,Enrico Filberto Cerracchio,1924,Bronze on Granite Arched Base,,"6001 Fannin St. Houston, TX 77030","Hermann Park, Hermann Dr. Circle",PARD,D
,1927.002,Peggy,John Gutzon Borglum,1927,Bronze on Granite,,"5225 Calhoun Rd. Houston, TX 77021",MacGregor Park,PARD,D
,1930.001,Sleepy Hollow Fountain,,1930,Concrete,,"3400 Sleepy Hollow Ct. Houston, TX 77019",Sleepy Hollow Park,PARD,G
,1936.006,Pioneer Memorial,Frank A. Teich,1936,Granite,"ERECTED BY THE SAN JACINTO CENTENNIAL ASSOCIATION.  DEDICATED AUGUST 30, 1936; THE ONE HUNDREDTH ANNIVERSARY OF THE FOUNDING OF THE CITY OF HOUSTON
","6001 Fannin St. Houston, TX 77030","Hermann Park, Reflection Pond",PARD,D
,1950.001,Spirit of the Confederacy,Louis Amateis,1908,Bronze on Granite Base,Erected by the Robert E. Lee Chapter N. 186 U.D.C. January 1908,"1000 Bagby St. Houston, TX 77002",Sam Houston Park ,PARD,I
,1964.001,Lillian Schnitzer Fountain Statue,John Warrington Wood,1875,Marble on Concrete Base,,"6100 Hermann Park Dr.  Houston, Texas, 77030","Hermann Park, Centennial Gardens",PARD,D
,1971.001,Dawn,Helen Journeay,Early 20th Century,Bronze on Brick Pedestal,"Donated by Mrs. Mary Helen Vining, 1971.","6100 Hermann Park Dr.  Houston, Texas, 77030","Hermann Park, Centennial Gardens",PARD,D
,1972.001,Scanlan Fountain,J. L. Mott Iron Works,1938,Painted Cast Iron,Donated to the City of Houston by The Heritage Society,"1000 Bagby St. Houston, TX 77002",Sam Houston Park ,PARD,I
,1972.003,Atropos Key,Hannah Stewart,1972,Bronze,"Given to the City of Houston August 24, 1972 by Patricia S. Woodward","6001 Fannin St. Houston, TX 77030","Hermann Park, Miller Outdoor Theatre",PARD,D
,1977.002,Gus S. Wortham Memorial Fountain,William T. Cannady,1978,Bronze,,"18-3600 Allen Parkway Houston, TX 77002",Buffalo Bayou Park  ,PARD,H
,1977.003,Pueblo Bonito,Charles Ginnever,1977,Cor-Ten Steel,,"229 S. Heights Blvd. Houston, TX 77007",Knox Park,PARD,H
,1977.006,Armillary Sphere,Kenneth Lynch and Sons,1977,"Painted steel, bronze",Donated to the City of Houston by Elizabeth Bracewel,"1000 Bagby St. Houston, TX 77002",Sam Houston Park ,PARD,I
,1979.001,Lombard Lamp,,1869,Stone reliefs on metal,"Lamps such as this one have been a familiar sight in Hamburg, Germany since 1869, where they grace the Famous Lombard Bridge.  This Lombard Lamp is presented to the people of the City of Houston by the people of the Free and Hanseatic City of Hamburg so that it may forever brighten a bridge of friendship in human relations, trade and commerce.  March 1979","700 Heights Blvd. Houston, TX 77008",Heights Blvd. Park,PARD,H
,1979.003,Wortham Fountains,Charles Tapley,1979,,,"400 Rusk St. Houston, TX 77002",Tranquillity Park,PARD,I
,1979.004,Lunar Footprint,,1979,Bronze,,"400 Rusk St. Houston, TX 77002",Tranquillity Park,PARD,I
,1979.005,Untitled (Bronze Disks),,1979,Bronze,,"400 Rusk St. Houston, TX 77002",Tranquillity Park,PARD,I
,1979.006,Large Spindle Piece,Henry Moore,1974,Bronze on Concrete,,"18-3600 Allen Parkway Houston, TX 77002",Buffalo Bayou Park  ,PARD,H
,1979.008,Simon Bolivar,C. Talacca,1977,Bronze on Granite,,"6100 Hermann Park Dr.  Houston, Texas, 77030","Hermann Park, Centennial Gardens",PARD,D
,1980.001,One Step for Mankind,Naomi Savage,1980,Stainless Steel Photo etching,,"400 Rusk St. Houston, TX 77002",Tranquillity Park,PARD,I
,1980.002,Oliver Twist,Tracy Guthrie,1976,Bronze on Concrete,Donated to the City of Houston by the Theatre Under the Stars (TUTS),"6001 Fannin St. Houston, TX 77030","Hermann Park, Miller Outdoor Theatre",PARD,D
,1980.008,Vaquero,Luis Jimenez,1980,"acrylic urethane, fiberglass, steel armature",,"3725 Fulton St. Houston, TX 77009",Moody Park,PARD,H
,1981.002,African Elephant,Robert Fowler,1981,Cor-Ten Steel,,"6200 Hermann Park Drive Houston, TX 77030",Houston Zoological Gardens,PARD,D
,1981.005,George Hermann Fountain,,1963,Granite,,Hermann Park : N. MacGregor Drive at Fannin,,PARD,D
,1982.004,Japanese Stone Lantern,,c. 1982,Granite,,"6100 Hermann Park Dr.  Houston, Texas, 77030","Hermann Park, Centennial Gardens",PARD,D
,1983.001,Houston,Mac Whitney,1981,Painted Steel,Art in Public Places Program made possible by the National Endowment for the Arts and a Community Development Block Grant,"1030 Stude St. Houston, TX 77009",Stude Park,PARD,H
,1983.002,Silver Spike,,c. 1982,Marble,,"6100 Hermann Park Dr.  Houston, Texas, 77030","Hermann Park, Centennial Gardens",PARD,D
,1983.005,Jose de San Martin,Pedro Buigues,1983,Bronze on Granite Pedestal,"Given to the city of Houston by the Argentine Consul and the people of Argentina, April 1983","6100 Hermann Park Dr.  Houston, Texas, 77030","Hermann Park, Centennial Gardens",PARD,D
,1984.001,Three Quarter Time,Ben Woitena,1975,Painted Steel,,"6501 Memorial Dr. Houston, TX 77007",Memorial Park,PARD,G
,1984.002,Jose Marti,Tony Lopez,1981,Bronze on Granite Pedestal,,"6100 Hermann Park Dr.  Houston, Texas, 77030","Hermann Park, Centennial Gardens",PARD,D
,1984.003,Portable Trojan Bear,Jim Love,1974,"Wood, Steel, Brass",,"6001 Fannin St. Houston, TX 77030","Hermann Park, Golf Course Dr.",PARD,D
,1985.002,Benito Juarez,Julian Martinez,1985,Bronze on Granite Pedestal,Donated to the City of Houston by PEMEX on behalf of the Mexican people,"6100 Hermann Park Dr.  Houston, Texas, 77030","Hermann Park, Centennial Gardens",PARD,C
,1987.001,Alvar Nunez Cabeza de Vaca,Pilar Cortella de Rubin,1986,Bronze on Granite Pedestal,,"6100 Hermann Park Dr.  Houston, Texas, 77030","Hermann Park, Centennial Gardens",PARD,C
,1987.005,Challenger Memorial,,1987,Bronze on Granite Pedestal,,"400 Rusk St. Houston, TX 77002",Tranquillity Park,PARD,I
,1988.005,George H. Hermann - Statue,Lonnie Edwards,1981,Bronze,,Hermann Park : N. MacGregor Drive at Fannin,,PARD,D
,1990.006,Passage Inacheve,Linea Glatt; Francis Merritt Thompson,1990,"Steel, Photo Panels",,"18-3600 Allen Parkway Houston, TX 77002",Buffalo Bayou Park  ,PARD,I
,1991.012,Neuhaus Fountain Coyotes,Gwynn Murrill,1992,Bronze,DONATED TO THE HOUSTON PARKS BOARD FOR BEUTIFICATION OF A CITY PARK IN MEMORY OF KATE RICE NEUHAUS 1889-1971 HUGO VICTOR NEUHAUS 1882-1947 THROUGH A BEQUEST OF THEIR SON HUGO VICTOR NEUHAUS JR. 1915-1987,"1000 Bagby St. Houston, TX 77002",Sam Houston Park ,PARD,I
,1992.001,Christopher Columbus,Joe Incrapera,1992,Bronze on Concrete,"Donated to the city of Houston by the Federation of Italian American Organizations of Greater Houston, Inc.","4800  Montrose Blvd. Houston, TX 77005",Bell Park,PARD,C
,1992.002,Birth of Light,Leonardo Nierman,1991,wool,Donated to the City of Houston in 1992 by the Government of Mexico at the consular ball,"500 McKinney St. Houston, TX 77002",Central Library,PARD,I
,1993.002,Cancer...there is hope,Victor Salmones,1990,Bronze,,"6001 Fannin St. Houston, TX 77030",Hermann Park,PARD,D
,1993.003,Bernardo O'Higgins,Famae / Arcomet,1992,Bronze on Granite Pedestal,"A gift from the Republic of Chile to the City of Houston, consisting of a bust of Captain General Bernardo O'Higgins, Founding Father of the Chilean Nation.","6100 Hermann Park Dr.  Houston, Texas, 77030","Hermann Park, Centennial Gardens",PARD,D
,1994.002,John B. Connally,Sharon Connally Amman,1995,Bronze,Donated to the City of Houston by the Harris County Heritage Society,"1000 Bagby St. Houston, TX 77002",Sam Houston Park ,PARD,I
,1995.009,Wilkenfeld Bench ,Tommy Schiltzberger,1995,Granite,,"6100 Hermann Park Dr.  Houston, Texas, 77030","Hermann Park, Centennial Gardens",PARD,D
,1997.001,Bienvenidos A Nuestra Mesa,Cathy Boswell,1997,"Steel, wood, ceramic tile",,"6000 Chimney Rock Rd. Houston, TX 77081",Burnett Bayland Park,PARD,F
,1998.005,U.S.S. Houston Monument,Jeff Ryan,1998,"Granite, bronze, and USS Houston brass ship's bell","Built under the sponsorship of USS Houston (CA-30) Foundation, a project of the Texas Commandery of the Naval Order of the United States, Captain Carl V. Ragsdale, USN (Ret.) Chairman.","1000 Bagby St. Houston, TX 77002",Sam Houston Park ,PARD,I
,1999.001,Moonscape Bench,Jesús Bautista Moroles,1999,Granite on Granite Base,,"6001 Fannin St. Houston, TX 77030","Hermann Park, McGovern Lake",PARD,D
,1999.003,Winter,,1999,Sandstone on Concrete,,"3600 Locke Lane Houston, TX 77027",River Oaks Park,PARD,G
,1999.004,Field Marshall Ramon Castilla Y Marquesado,,1991,Bronze,,"6100 Hermann Park Dr.  Houston, Texas, 77030","Hermann Park, Centennial Gardens",PARD,D
,1999.007,World War II Memorial,DCW Architects,1999,Granite,,"700 Heights Blvd. Houston, TX 77008",Heights Blvd. Park,PARD,H
,2002.003,Robert Burns,F. Vagra,2002,Bronze on Granite Pedestal,Heather and Thistle Society of Houston,"6100 Hermann Park Dr.  Houston, Texas, 77030","Hermann Park, Centennial Gardens",PARD,D
,2003.004,Mahatma Gandhi,Ram V. Sutar,2003,Bronze on Granite Base,,"6100 Hermann Park Dr.  Houston, Texas, 77030","Hermann Park, Centennial Gardens",PARD,D
,2003.006,Shady Grove,Tim Bailey,c. 2003,Cor-Ten Steel,,"18-3600 Allen Parkway Houston, TX 77002",Buffalo Bayou Park - Eleanor ,PARD,I
,2007.003,"Dr. Martin Luther King, Jr. Monument",Ed Dwight,2007,Bronze on Granite-cladded base,,"6100 Hermann Park Dr.  Houston, Texas, 77030","Hermann Park, Centennial Gardens",PARD,D
,2010.012,Standing Vase with Five Flowers,James Surls,2005,Bronze and stainless steel,,,,PARD,I
,2011.003,Tolerance,Jaume Plensa,2011,Stainless Steel,Donated to the City of Houston by the Greater Houston Community Foundation,,,PARD,C
,2011.005,Absolute Victory,Rosalinda R. Toro,2011,"Smalti glass tile, ceramic tile, and cast bronze",,"1986 Tidwell Road Houston, TX 77093",Veteran's Memorial Park,PARD,H
,1989.002-a-b,Pillot Dogs,Dellray Bronze Inc.,1989,Bronze,Given to the Heritage Society by the River Oaks Garden Club,"1000 Bagby, Houston, TX 77002 ",Sam Houston Park - Pillot House,PARD,I
,1991.004-a-d,Gargoyles,Douglas Hollis; Richard Turner,,Concrete,,"301 Milam Street Houston, TX 77002",Market Square Park,PARD,I
,2010.004.1,Untitled,Ketria Bastian Scott,2010,Silicon bronze,Commissioned by the Houston Downtown Management District through the Houston Arts Alliance with funding from the Lauaren Catuzzi Grandcolas Foundation,"301 Milam Street Houston, TX 77002",Market Square Park - Lauren's Garden,PARD,I
,2010.004.2,Market Square Park Artwalk and Dogrun Wall Reveal,Richard Turner,2010,Salvaged masonry fragments,Commissioned for the City of Houston by the Houston Downtown Management District,"301 Milam Street Houston, TX 77002",Market Square Park - West side of ark,PARD,I
,2010.004.3a,Double Skylines,Paul Hester,2010,Powder-coated plate steel,,"301 Milam Street Houston, TX 77002",Market Square Park - Southwest Corner,PARD,I
,2010.004.3b,Doing Time in Houston,Paul Hester,2010,Porcelain  Enamel on steel,,"301 Milam Street Houston, TX 77002",Market Square Park - Northeast Corner,PARD,I
2013.013,,Auto Totem,Devon Christopher Moore,2013,"Steel, powder coated steel, powder coated aluminum ",,,,PMD,H
2013.014,,Time Machine #1,Ketria Bastian Scott,2013,Bronze,,,,PMD,H
2013.015,,Lightly Metered (Wind Swept Meters),Anthony Thompson Shumate,2013,Galvanized steel chain,,,,PMD,H
2013.016,,,David Medina,2013,Bronze,,,,PMD,H
2004.001,,KGA Art Bench,Kelly Gale Amen,2004,Bronze,,"611 Walker St. Houston, TX 77002",Bob Lanier Public Works Building - Lobby,PWE,I
2009.007,,Open Channel Flow,Matthew Geller,2009,"Steel, stainless steel, paint",,"105 Sabine St. Houston, Texas 77007",Sabine Street Water Pump,PWE,H
,0.012,Old San Felipe Rd Marker,,Unknown,Granite,,"1101 W. Dallas St. Houston, TX 77019",Founder's Memorial Cemetary,PWE,I
,1980.007,Guitar Solo,Carroll Harris Simms,1980,Bronze,"Donated the City of Houston by Mr. and Mrs. S. M. McAshan, Jr.","611 Walker St. Houston, TX 77002",Bob Lanier Public Works Building - Lobby,PWE,I
,1997,Bikeway Bridges,Dan Havel; Kate Petley; George Sacaris,1997,"Concrete, Galvanized Steel",,White Oak Bayou Bike Trail : T. C. Jester and 11th St.,,PWE,A
,2000.01,Bike Racks,Steve Murphy,2000,Stainless Steel,,Downtown Sidewalks,,PWE,I
,1998.004.01-09,Aqua Profunda Est Quieta,MANUAL (Ed Hill and Suzanne Bloom),1998,"Video, aluminum, digital Lambda prints, stone pavement inlay",,"10500 Bellaire Blvd. Houston, TX 77072",Wastewater Operations Testing Laboratory,PWE,F
,2001.002-a-b,Waterworks,Danny Harries,2001,Acrylic on Canvas,,"4200 Leeland St. Houston, 77023",Utilities Customer Service,PWE,I
,2011.004.01,Fishing at Allen's Landing on Buffalo Bayou,Geoff Winningham,2011,carbon pigment ink print with Dibond brand Laminate on brushed aluminum,,"1002 Washington Ave. Houston, TX 77002",Houston Permitting Center,PWE,H
,2011.004.02,Buffalo Bayou Near Sage Road,Geoff Winningham,2011,carbon pigment ink and Dibond brand laminate on brushed aluminum,,"1002 Washington Ave. Houston, TX 77002",Houston Permitting Center,PWE,H
,2011.004.03,Buffalo Bayou in Terry Hershey Park,Geoff Winningham,2011,carbon pigment ink and Dibond brand laminate on brushed aluminum,,"1002 Washington Ave. Houston, TX 77002",Houston Permitting Center,PWE,H
,2011.004.04,Green Port,Jesse Sifuentes,2011,water based paint on Canvas,,"1002 Washington Ave. Houston, TX 77002",Houston Permitting Center,PWE,H
,2011.004.05,The View from the East End,Jesse Sifuentes,2011,water based paint on Canvas,,"1002 Washington Ave. Houston, TX 77002",Houston Permitting Center,PWE,H
,2011.004.06,Torrent,Dan Havel and Dean Ruck,2011,"aluminum, brass, and copper on plywood panels",,"1002 Washington Ave. Houston, TX 77002",Houston Permitting Center,PWE,H
,2011.004.07,Information Highway,GONZO247,2011,Spray paint on Canvas,,"1002 Washington Ave. Houston, TX 77002",Houston Permitting Center,PWE,H
,2011.004.08,Sunset in the City,GONZO247,2011,Spray paint on Canvas,,"1002 Washington Ave. Houston, TX 77002",Houston Permitting Center,PWE,H
,2011.004.09,Sky Light,Serena Lin Bush,2011,Security cameras on LED and LCD screens,,"1002 Washington Ave. Houston, TX 77002",Houston Permitting Center,PWE,H
,2011.004.10,Remnant Reverie,Kaneem Smith,2011,"Burlap, jute, acrylic paint, and found objects",,"1002 Washington Ave. Houston, TX 77002",Houston Permitting Center,PWE,H
,2011.004.11,Sense of Place,Mary Margaret Hansen,2011,Wall Paper,,"1002 Washington Ave. Houston, TX 77002",Houston Permitting Center,PWE,H
,2011.004.12,Overheard,Mary Margaret Hansen,2011,Acrylic and wall paper,,"1002 Washington Ave. Houston, TX 77002",Houston Permitting Center,PWE,H
,2011.004.13,GREEN,Mary Margaret Hansen,2011,Locally reclaimed and salvaged wood,,"1002 Washington Ave. Houston, TX 77002",Houston Permitting Center,PWE,H
,2011.004.14,Fewer problems down the road if you solve the issues today.,Mary Margaret Hansen,2011,colored acrylic,,"1002 Washington Ave. Houston, TX 77002",Houston Permitting Center,PWE,H
,2011.004.15,The code is a powerful tool for building a great city.,Mary Margaret Hansen,2011,Colored acrylic,,"1002 Washington Ave. Houston, TX 77002",Houston Permitting Center,PWE,H
,2011.004.16,"Code spoken here with skill, nuance and great authority.",Mary Margaret Hansen,2011,colored acrylic,,"1002 Washington Ave. Houston, TX 77002",Houston Permitting Center,PWE,H
,2011.004.17,Tiny Text: Recycled Coffe Can Words,Mary Margaret Hansen,2011,Repurposed coffee cans,,"1002 Washington Ave. Houston, TX 77002",Houston Permitting Center,PWE,H
,2011.004.18,Tiny Text: Conversations and Observations,Mary Margaret Hansen,2011,No VOC paint on drywall,,"1002 Washington Ave. Houston, TX 77002",Houston Permitting Center,PWE,H
,2011.004.19,"Houston: Recycle, Renew",Mary Margaret Hansen,2011,No VOC paint on drywall,,"1002 Washington Ave. Houston, TX 77002",Houston Permitting Center,PWE,H
,2011.004.20,CLOUD CODE,METALAB,2011,"Stainless steel, copper wire, electronic components, glass sheet",,"1002 Washington Ave. Houston, TX 77002",Houston Permitting Center,PWE,H
,2011.004.21,Bayou,Agnes Welsh Eyster,2010,etched galvanized steel,,"1002 Washington Ave. Houston, TX 77002",Houston Permitting Center,PWE,H
,2011.004.22,Untitled,Dick Wray,2010,Powder-coated steel,,"1002 Washington Ave. Houston, TX 77002",Houston Permitting Center,PWE,H
,0.127,Untitled - Orangutan,Rabby,,,,"6200 Hermann Park Drive Houston, TX 77030",Houston Zoological Gardens,Zoo,D
,0.129,Wanyama Photographs,,,Photograph,,"6200 Hermann Park Drive Houston, TX 77030",Houston Zoological Gardens,Zoo,D
,0.13,Saturday Night in the Jungle,Dick Rembrandt,,Acrylic on Wall,,"6200 Hermann Park Drive Houston, TX 77030",Houston Zoological Gardens,Zoo,D
,1907.001,Brownie,Louis Amateis,1905,Bronze,,"6200 Hermann Park Drive Houston, TX 77030",Houston Zoological Gardens,Zoo,D
,1968.001,Japanese Garden Lantern,,Unknown,Stone,,"6200 Hermann Park Drive Houston, TX 77030",Houston Zoological Gardens,Zoo,D
,1972.002,Gorilla,Robert Fowler,1973-1974,Cor-Ten Steel,,"6200 Hermann Park Drive Houston, TX 77030",Houston Zoological Gardens,Zoo,D
,1975.004,Leapfrog,Victor Salmones,,Bronze,,"6200 Hermann Park Drive Houston, TX 77030",Houston Zoological Gardens,Zoo,D
,1975.009,Hooded Cobra,Herring Coe,,Bronze,,"6200 Hermann Park Drive Houston, TX 77030",Houston Zoological Gardens,Zoo,D
,1975.01,Spoonbills,Robert Fowler,1966,Cor-Ten Steel,,"6200 Hermann Park Drive Houston, TX 77030",Houston Zoological Gardens,Zoo,D
,1976.003,Untitled - Elephant Head Trio,,1976,Steel,,"6200 Hermann Park Drive Houston, TX 77030",Houston Zoological Gardens,Zoo,D
,1988.002,Rolling Bear Cubs,William M. McVey,1937,Limestone,,"6200 Hermann Park Drive Houston, TX 77030",Houston Zoological Gardens,Zoo,D
,1994.006,"Great Adventure (Dolly's Ride), The",Ann Armstrong,1994,Bronze,,"6200 Hermann Park Drive Houston, TX 77030",Houston Zoological Gardens,Zoo,D
,1999.002,Evelyn's Friends,Andrea Wilkenson,1999,Bronze,,"6200 Hermann Park Drive Houston, TX 77030",Houston Zoological Gardens,Zoo,D
,1999.006,Barnyard Watch Dogs,Burt Brent,1999,Bronze,,"6200 Hermann Park Drive Houston, TX 77030",Houston Zoological Gardens,Zoo,D
,2000.001,Texas Longhorn,Billie Evans,2000,Bronze,,"6200 Hermann Park Drive Houston, TX 77030",Houston Zoological Gardens,Zoo,D
,2000.009,The Lion Cubs,,,Bronze,Zoo Docent Council,"6200 Hermann Park Drive Houston, TX 77030",Houston Zoological Gardens,Zoo,D
,1947.001.01-04,Herring Coe Bas Reliefs,Herring Coe,1947,Limestone,,"6200 Hermann Park Drive Houston, TX 77030",Houston Zoological Gardens,Zoo,D
